node_row,canonical_node,rho,V,k_io,column,delta_ms,Delta_ms,b_s_mm2,gradient_T_m,regime,parameter,variance_bound,reason,mc_debias,scaled_fisher_eigenvalues,fisher_packed,used_dw_columns,added_column_used,sd_ratio_marginal_fixed
4071,"[23, 38, 5]",124519.70847350318,3.9289098225529635,5.0,4526,4.0,20.0,500.0,0.15294377221497343,fixed,log_rho,0.25117606744049864,ok,True,"[0.41181557515398676, 11.23944302212023, 483.03354218954803]","[348.76140185637644, 206.22707309631537, -11.47490336326489, 134.97060752745637, -6.055529498672925, 0.43811165611957503]",4,True,1.0070338356792297
4071,"[23, 38, 5]",124519.70847350318,3.9289098225529635,5.0,4526,4.0,20.0,500.0,0.15294377221497343,fixed,log_V,0.2361953477725123,ok,True,"[0.41181557515398676, 11.23944302212023, 483.03354218954803]","[348.76140185637644, 206.22707309631537, -11.47490336326489, 134.97060752745637, -6.055529498672925, 0.43811165611957503]",4,True,1.0023324042861186
4071,"[23, 38, 5]",124519.70847350318,3.9289098225529635,5.0,4526,4.0,20.0,500.0,0.15294377221497343,fixed,k_io,50.7985663882977,ok,True,"[0.41181557515398676, 11.23944302212023, 483.03354218954803]","[348.76140185637644, 206.22707309631537, -11.47490336326489, 134.97060752745637, -6.055529498672925, 0.43811165611957503]",4,True,1.005742401431758
4071,"[23, 38, 5]",124519.70847350318,3.9289098225529635,5.0,4526,4.0,20.0,500.0,0.15294377221497343,marginal,log_rho,0.254721956707206,ok,True,"[0.4071454231888905, 11.234091644225948, 449.0583693827566]","[324.4790340191278, 191.27561872618568, -10.780306664815692, 125.76450418200109, -5.627843413357342, 0.41824272996170525]",4,True,1.0070338356792297
4071,"[23, 38, 5]",124519.70847350318,3.9289098225529635,5.0,4526,4.0,20.0,500.0,0.15294377221497343,marginal,log_V,0.23729843878413934,ok,True,"[0.4071454231888905, 11.234091644225948, 449.0583693827566]","[324.4790340191278, 191.27561872618568, -10.780306664815692, 125.76450418200109, -5.627843413357342, 0.41824272996170525]",4,True,1.0023324042861186
4071,"[23, 38, 5]",124519.70847350318,3.9289098225529635,5.0,4526,4.0,20.0,500.0,0.15294377221497343,marginal,k_io,51.38365300059247,ok,True,"[0.4071454231888905, 11.234091644225948, 449.0583693827566]","[324.4790340191278, 191.27561872618568, -10.780306664815692, 125.76450418200109, -5.627843413357342, 0.41824272996170525]",4,True,1.005742401431758
4071,"[23, 38, 5]",124519.70847350318,3.9289098225529635,5.0,4527,4.0,20.0,1000.0,0.21629515694691676,fixed,log_rho,0.24273074975930503,ok,True,"[0.37747009294231737, 10.905649039727724, 443.01241606527753]","[326.00754158038984, 184.45034829599484, -11.385795660357243, 117.22235704908147, -5.846282351285628, 0.44262546273905223]",4,True,1.0011788627110145
4071,"[23, 38, 5]",124519.70847350318,3.9289098225529635,5.0,4527,4.0,20.0,1000.0,0.21629515694691676,fixed,log_V,0.20100636193281934,ok,True,"[0.37747009294231737, 10.905649039727724, 443.01241606527753]","[326.00754158038984, 184.45034829599484, -11.385795660357243, 117.22235704908147, -5.846282351285628, 0.44262546273905223]",4,True,1.0000990806944994
4071,"[23, 38, 5]",124519.70847350318,3.9289098225529635,5.0,4527,4.0,20.0,1000.0,0.21629515694691676,fixed,k_io,57.48580656180429,ok,True,"[0.37747009294231737, 10.905649039727724, 443.01241606527753]","[326.00754158038984, 184.45034829599484, -11.385795660357243, 117.22235704908147, -5.846282351285628, 0.44262546273905223]",4,True,1.0004731227082129
4071,"[23, 38, 5]",124519.70847350318,3.9289098225529635,5.0,4527,4.0,20.0,1000.0,0.21629515694691676,marginal,log_rho,0.24330337954584078,ok,True,"[0.3770888116818603, 10.905642193814563, 422.41313768043847]","[310.9090285543844, 175.6888111057546, -10.884010701213441, 112.13811240831821, -5.5551008572226515, 0.42594910892929166]",4,True,1.0011788627110145
4071,"[23, 38, 5]",124519.70847350318,3.9289098225529635,5.0,4527,4.0,20.0,1000.0,0.21629515694691676,marginal,log_V,0.20104619560597378,ok,True,"[0.3770888116818603, 10.905642193814563, 422.41313768043847]","[310.9090285543844, 175.6888111057546, -10.884010701213441, 112.13811240831821, -5.5551008572226515, 0.42594910892929166]",4,True,1.0000990806944994
4071,"[23, 38, 5]",124519.70847350318,3.9289098225529635,5.0,4527,4.0,20.0,1000.0,0.21629515694691676,marginal,k_io,57.540215110688884,ok,True,"[0.3770888116818603, 10.905642193814563, 422.41313768043847]","[310.9090285543844, 175.6888111057546, -10.884010701213441, 112.13811240831821, -5.5551008572226515, 0.42594910892929166]",4,True,1.0004731227082129
4071,"[23, 38, 5]",124519.70847350318,3.9289098225529635,5.0,4528,4.0,20.0,1500.0,0.26490638417757517,fixed,log_rho,0.436326831858399,ok,True,"[0.19841237752454707, 11.467142791429618, 397.83592841040695]","[293.69467190216994, 163.76001119237048, -10.855778343406289, 104.91925042942634, -5.467601956273418, 0.43550244991059395]",4,True,1.0004043038931205
4071,"[23, 38, 5]",124519.70847350318,3.9289098225529635,5.0,4528,4.0,20.0,1500.0,0.26490638417757517,fixed,log_V,0.27776207547467596,ok,True,"[0.19841237752454707, 11.467142791429618, 397.83592841040695]","[293.69467190216994, 163.76001119237048, -10.855778343406289, 104.91925042942634, -5.467601956273418, 0.43550244991059395]",4,True,1.000010036746895
4071,"[23, 38, 5]",124519.70847350318,3.9289098225529635,5.0,4528,4.0,20.0,1500.0,0.26490638417757517,fixed,k_io,110.39096310251581,ok,True,"[0.19841237752454707, 11.467142791429618, 397.83592841040695]","[293.69467190216994, 163.76001119237048, -10.855778343406289, 104.91925042942634, -5.467601956273418, 0.43550244991059395]",4,True,1.0001121794739993
4071,"[23, 38, 5]",124519.70847350318,3.9289098225529635,5.0,4528,4.0,20.0,1500.0,0.26490638417757517,marginal,log_rho,0.43667972045468423,ok,True,"[0.19836324310546374, 11.467142737826423, 382.4968779084512]","[282.43900562206517, 157.28665656199533, -10.452916403383863, 101.19629710726998, -5.23590814624498, 0.4210832464019126]",4,True,1.0004043038931205
4071,"[23, 38, 5]",124519.70847350318,3.9289098225529635,5.0,4528,4.0,20.0,1500.0,0.26490638417757517,marginal,log_V,0.27776765115795377,ok,True,"[0.19836324310546374, 11.467142737826423, 382.4968779084512]","[282.43900562206517, 157.28665656199533, -10.452916403383863, 101.19629710726998, -5.23590814624498, 0.4210832464019126]",4,True,1.000010036746895
4071,"[23, 38, 5]",124519.70847350318,3.9289098225529635,5.0,4528,4.0,20.0,1500.0,0.26490638417757517,marginal,k_io,110.4157316920518,ok,True,"[0.19836324310546374, 11.467142737826423, 382.4968779084512]","[282.43900562206517, 157.28665656199533, -10.452916403383863, 101.19629710726998, -5.23590814624498, 0.4210832464019126]",4,True,1.0001121794739993
4071,"[23, 38, 5]",124519.70847350318,3.9289098225529635,5.0,4529,4.0,20.0,2000.0,0.30588754442994687,fixed,log_rho,1.1389444827321484,ok,True,"[0.07737202134752111, 11.743708046277797, 377.7060985743034]","[277.391473683765, 155.81232588528513, -10.493973409401812, 101.42799105631184, -5.273252686391941, 0.4283085560740727]",4,True,1.000245742792018
4071,"[23, 38, 5]",124519.70847350318,3.9289098225529635,5.0,4529,4.0,20.0,2000.0,0.30588754442994687,fixed,log_V,0.6327029067415623,ok,True,"[0.07737202134752111, 11.743708046277797, 377.7060985743034]","[277.391473683765, 155.81232588528513, -10.493973409401812, 101.42799105631184, -5.273252686391941, 0.4283085560740727]",4,True,1.0000273624166092
4071,"[23, 38, 5]",124519.70847350318,3.9289098225529635,5.0,4529,4.0,20.0,2000.0,0.30588754442994687,fixed,k_io,281.0180195748262,ok,True,"[0.07737202134752111, 11.743708046277797, 377.7060985743034]","[277.391473683765, 155.81232588528513, -10.493973409401812, 101.42799105631184, -5.273252686391941, 0.4283085560740727]",4,True,1.0000962516432528
4071,"[23, 38, 5]",124519.70847350318,3.9289098225529635,5.0,4529,4.0,20.0,2000.0,0.30588754442994687,marginal,log_rho,1.1395043263067386,ok,True,"[0.07735610268596202, 11.743707903622495, 364.12138368101813]","[267.48665902492814, 150.05510750712415, -10.130472354891467, 98.08158180025748, -5.061966052205329, 0.41496827448563867]",4,True,1.000245742792018
4071,"[23, 38, 5]",124519.70847350318,3.9289098225529635,5.0,4529,4.0,20.0,2000.0,0.30588754442994687,marginal,log_V,0.6327375317763163,ok,True,"[0.07735610268596202, 11.743707903622495, 364.12138368101813]","[267.48665902492814, 150.05510750712415, -10.130472354891467, 98.08158180025748, -5.061966052205329, 0.41496827448563867]",4,True,1.0000273624166092
4071,"[23, 38, 5]",124519.70847350318,3.9289098225529635,5.0,4529,4.0,20.0,2000.0,0.30588754442994687,marginal,k_io,281.0721190706191,ok,True,"[0.07735610268596202, 11.743707903622495, 364.12138368101813]","[267.48665902492814, 150.05510750712415, -10.130472354891467, 98.08158180025748, -5.061966052205329, 0.41496827448563867]",4,True,1.0000962516432528
4071,"[23, 38, 5]",124519.70847350318,3.9289098225529635,5.0,4530,4.0,20.0,2500.0,0.34199267140792416,fixed,log_rho,4.779084806792298,ok,True,"[0.018994961641470513, 11.618657381841318, 370.38787907631036]","[270.65843625754843, 153.5175958174886, -10.304916825266902, 100.78025902923164, -5.201103171785668, 0.4234734453205189]",4,True,1.0002595623416293
4071,"[23, 38, 5]",124519.70847350318,3.9289098225529635,5.0,4530,4.0,20.0,2500.0,0.34199267140792416,fixed,log_V,2.576776872608732,ok,True,"[0.018994961641470513, 11.618657381841318, 370.38787907631036]","[270.65843625754843, 153.5175958174886, -10.304916825266902, 100.78025902923164, -5.201103171785668, 0.4234734453205189]",4,True,1.0001218968236856
4071,"[23, 38, 5]",124519.70847350318,3.9289098225529635,5.0,4530,4.0,20.0,2500.0,0.34199267140792416,fixed,k_io,1134.4611494656262,ok,True,"[0.018994961641470513, 11.618657381841318, 370.38787907631036]","[270.65843625754843, 153.5175958174886, -10.304916825266902, 100.78025902923164, -5.201103171785668, 0.4234734453205189]",4,True,1.0001759765094247
4071,"[23, 38, 5]",124519.70847350318,3.9289098225529635,5.0,4530,4.0,20.0,2500.0,0.34199267140792416,marginal,log_rho,4.781566069658303,ok,True,"[0.018988114524989084, 11.618655330436031, 357.4162299639571]","[261.25363595618956, 147.99239467067656, -9.957484141218533, 97.5342732842369, -4.996990867129218, 0.410638566739672]",4,True,1.0002595623416293
4071,"[23, 38, 5]",124519.70847350318,3.9289098225529635,5.0,4530,4.0,20.0,2500.0,0.34199267140792416,marginal,log_V,2.577405112728871,ok,True,"[0.018988114524989084, 11.618655330436031, 357.4162299639571]","[261.25363595618956, 147.99239467067656, -9.957484141218533, 97.5342732842369, -4.996990867129218, 0.410638566739672]",4,True,1.0001218968236856
4071,"[23, 38, 5]",124519.70847350318,3.9289098225529635,5.0,4530,4.0,20.0,2500.0,0.34199267140792416,marginal,k_io,1134.8604616236364,ok,True,"[0.018988114524989084, 11.618655330436031, 357.4162299639571]","[261.25363595618956, 147.99239467067656, -9.957484141218533, 97.5342732842369, -4.996990867129218, 0.410638566739672]",4,True,1.0001759765094247
4071,"[23, 38, 5]",124519.70847350318,3.9289098225529635,5.0,4531,4.0,20.0,3000.0,0.37463420126314423,fixed,log_rho,nan,Fisher not positive definite,True,"[-0.004933420462186263, 11.38262973028609, 367.8382188048361]","[267.99257662478163, 152.97870628608217, -10.212961573012393, 100.70910781890998, -5.179626566923805, 0.4205692268387396]",4,True,nan
4071,"[23, 38, 5]",124519.70847350318,3.9289098225529635,5.0,4531,4.0,20.0,3000.0,0.37463420126314423,fixed,log_V,nan,Fisher not positive definite,True,"[-0.004933420462186263, 11.38262973028609, 367.8382188048361]","[267.99257662478163, 152.97870628608217, -10.212961573012393, 100.70910781890998, -5.179626566923805, 0.4205692268387396]",4,True,nan
4071,"[23, 38, 5]",124519.70847350318,3.9289098225529635,5.0,4531,4.0,20.0,3000.0,0.37463420126314423,fixed,k_io,nan,Fisher not positive definite,True,"[-0.004933420462186263, 11.38262973028609, 367.8382188048361]","[267.99257662478163, 152.97870628608217, -10.212961573012393, 100.70910781890998, -5.179626566923805, 0.4205692268387396]",4,True,nan
4071,"[23, 38, 5]",124519.70847350318,3.9289098225529635,5.0,4531,4.0,20.0,3000.0,0.37463420126314423,marginal,log_rho,nan,Fisher not positive definite,True,"[-0.004936447249366013, 11.382619402548364, 355.0953806789664]","[258.7863798544063, 147.53244075343534, -9.872530615711813, 97.48716840223949, -4.978232067627596, 0.4079806151047907]",4,True,nan
4071,"[23, 38, 5]",124519.70847350318,3.9289098225529635,5.0,4531,4.0,20.0,3000.0,0.37463420126314423,marginal,log_V,nan,Fisher not positive definite,True,"[-0.004936447249366013, 11.382619402548364, 355.0953806789664]","[258.7863798544063, 147.53244075343534, -9.872530615711813, 97.48716840223949, -4.978232067627596, 0.4079806151047907]",4,True,nan
4071,"[23, 38, 5]",124519.70847350318,3.9289098225529635,5.0,4531,4.0,20.0,3000.0,0.37463420126314423,marginal,k_io,nan,Fisher not positive definite,True,"[-0.004936447249366013, 11.382619402548364, 355.0953806789664]","[258.7863798544063, 147.53244075343534, -9.872530615711813, 97.48716840223949, -4.978232067627596, 0.4079806151047907]",4,True,nan
4071,"[23, 38, 5]",124519.70847350318,3.9289098225529635,5.0,4532,4.0,20.0,3500.0,0.40465118585693005,fixed,log_rho,nan,Fisher not positive definite,True,"[-0.01304653165867371, 11.189801414448805, 366.91440861473836]","[266.91037313132676, 152.88818787183763, -10.168164542844458, 100.70933219802012, -5.175040622024339, 0.4188583267272592]",4,True,nan
4071,"[23, 38, 5]",124519.70847350318,3.9289098225529635,5.0,4532,4.0,20.0,3500.0,0.40465118585693005,fixed,log_V,nan,Fisher not positive definite,True,"[-0.01304653165867371, 11.189801414448805, 366.91440861473836]","[266.91037313132676, 152.88818787183763, -10.168164542844458, 100.70933219802012, -5.175040622024339, 0.4188583267272592]",4,True,nan
4071,"[23, 38, 5]",124519.70847350318,3.9289098225529635,5.0,4532,4.0,20.0,3500.0,0.40465118585693005,fixed,k_io,nan,Fisher not positive definite,True,"[-0.01304653165867371, 11.189801414448805, 366.91440861473836]","[266.91037313132676, 152.88818787183763, -10.168164542844458, 100.70933219802012, -5.175040622024339, 0.4188583267272592]",4,True,nan
4071,"[23, 38, 5]",124519.70847350318,3.9289098225529635,5.0,4532,4.0,20.0,3500.0,0.40465118585693005,marginal,log_rho,nan,Fisher not positive definite,True,"[-0.01304802970896756, 11.189776829438404, 354.2638078685824]","[257.7891429182418, 147.4705493204807, -9.831021749602728, 97.49147596728457, -4.97479156007672, 0.4063967113114159]",4,True,nan
4071,"[23, 38, 5]",124519.70847350318,3.9289098225529635,5.0,4532,4.0,20.0,3500.0,0.40465118585693005,marginal,log_V,nan,Fisher not positive definite,True,"[-0.01304802970896756, 11.189776829438404, 354.2638078685824]","[257.7891429182418, 147.4705493204807, -9.831021749602728, 97.49147596728457, -4.97479156007672, 0.4063967113114159]",4,True,nan
4071,"[23, 38, 5]",124519.70847350318,3.9289098225529635,5.0,4532,4.0,20.0,3500.0,0.40465118585693005,marginal,k_io,nan,Fisher not positive definite,True,"[-0.01304802970896756, 11.189776829438404, 354.2638078685824]","[257.7891429182418, 147.4705493204807, -9.831021749602728, 97.49147596728457, -4.97479156007672, 0.4063967113114159]",4,True,nan
4071,"[23, 38, 5]",124519.70847350318,3.9289098225529635,5.0,4533,4.0,20.0,4000.0,0.4325903138938335,fixed,log_rho,nan,Fisher not positive definite,True,"[-0.015045244269005706, 11.067014614758833, 366.54806615233156]","[266.44375170436103, 152.8894652695141, -10.14549915587638, 100.7106318665218, -5.174965051120801, 0.4178260780775423]",4,True,nan
4071,"[23, 38, 5]",124519.70847350318,3.9289098225529635,5.0,4533,4.0,20.0,4000.0,0.4325903138938335,fixed,log_V,nan,Fisher not positive definite,True,"[-0.015045244269005706, 11.067014614758833, 366.54806615233156]","[266.44375170436103, 152.8894652695141, -10.14549915587638, 100.7106318665218, -5.174965051120801, 0.4178260780775423]",4,True,nan
4071,"[23, 38, 5]",124519.70847350318,3.9289098225529635,5.0,4533,4.0,20.0,4000.0,0.4325903138938335,fixed,k_io,nan,Fisher not positive definite,True,"[-0.015045244269005706, 11.067014614758833, 366.54806615233156]","[266.44375170436103, 152.8894652695141, -10.14549915587638, 100.7106318665218, -5.174965051120801, 0.4178260780775423]",4,True,nan
4071,"[23, 38, 5]",124519.70847350318,3.9289098225529635,5.0,4533,4.0,20.0,4000.0,0.4325903138938335,marginal,log_rho,nan,Fisher not positive definite,True,"[-0.01504618445054547, 11.066975488506731, 353.9381820012768]","[257.3617908534179, 147.48324159245777, -9.810025119196212, 97.49246621638808, -4.975267242475255, 0.40543416942107635]",4,True,nan
4071,"[23, 38, 5]",124519.70847350318,3.9289098225529635,5.0,4533,4.0,20.0,4000.0,0.4325903138938335,marginal,log_V,nan,Fisher not positive definite,True,"[-0.01504618445054547, 11.066975488506731, 353.9381820012768]","[257.3617908534179, 147.48324159245777, -9.810025119196212, 97.49246621638808, -4.975267242475255, 0.40543416942107635]",4,True,nan
4071,"[23, 38, 5]",124519.70847350318,3.9289098225529635,5.0,4533,4.0,20.0,4000.0,0.4325903138938335,marginal,k_io,nan,Fisher not positive definite,True,"[-0.01504618445054547, 11.066975488506731, 353.9381820012768]","[257.3617908534179, 147.48324159245777, -9.810025119196212, 97.49246621638808, -4.975267242475255, 0.40543416942107635]",4,True,nan
4071,"[23, 38, 5]",124519.70847350318,3.9289098225529635,5.0,4534,4.0,20.0,4500.0,0.45883131664492033,fixed,log_rho,nan,Fisher not positive definite,True,"[-0.015270973014965026, 10.99672268059273, 366.3832932096469]","[266.2248075711464, 152.90042182239762, -10.133307700740072, 100.71057485561651, -5.175580731153351, 0.41717449961846786]",4,True,nan
4071,"[23, 38, 5]",124519.70847350318,3.9289098225529635,5.0,4534,4.0,20.0,4500.0,0.45883131664492033,fixed,log_V,nan,Fisher not positive definite,True,"[-0.015270973014965026, 10.99672268059273, 366.3832932096469]","[266.2248075711464, 152.90042182239762, -10.133307700740072, 100.71057485561651, -5.175580731153351, 0.41717449961846786]",4,True,nan
4071,"[23, 38, 5]",124519.70847350318,3.9289098225529635,5.0,4534,4.0,20.0,4500.0,0.45883131664492033,fixed,k_io,nan,Fisher not positive definite,True,"[-0.015270973014965026, 10.99672268059273, 366.3832932096469]","[266.2248075711464, 152.90042182239762, -10.133307700740072, 100.71057485561651, -5.175580731153351, 0.41717449961846786]",4,True,nan
4071,"[23, 38, 5]",124519.70847350318,3.9289098225529635,5.0,4534,4.0,20.0,4500.0,0.45883131664492033,marginal,log_rho,nan,Fisher not positive definite,True,"[-0.015271725259285534, 10.996672367234506, 353.7933869921011]","[257.162563544746, 147.49942621541024, -9.798748597374503, 97.49164216502514, -4.976187264999605, 0.4048232769722121]",4,True,nan
4071,"[23, 38, 5]",124519.70847350318,3.9289098225529635,5.0,4534,4.0,20.0,4500.0,0.45883131664492033,marginal,log_V,nan,Fisher not positive definite,True,"[-0.015271725259285534, 10.996672367234506, 353.7933869921011]","[257.162563544746, 147.49942621541024, -9.798748597374503, 97.49164216502514, -4.976187264999605, 0.4048232769722121]",4,True,nan
4071,"[23, 38, 5]",124519.70847350318,3.9289098225529635,5.0,4534,4.0,20.0,4500.0,0.45883131664492033,marginal,k_io,nan,Fisher not positive definite,True,"[-0.015271725259285534, 10.996672367234506, 353.7933869921011]","[257.162563544746, 147.49942621541024, -9.798748597374503, 97.49164216502514, -4.976187264999605, 0.4048232769722121]",4,True,nan
4071,"[23, 38, 5]",124519.70847350318,3.9289098225529635,5.0,4535,4.0,20.0,5000.0,0.4836506741372918,fixed,log_rho,nan,Fisher not positive definite,True,"[-0.015250441210973345, 10.957334465465307, 366.2958275640051]","[266.10895895552954, 152.90696635365043, -10.126168204661143, 100.71040483711239, -5.175986940740349, 0.4167419118246978]",4,True,nan
4071,"[23, 38, 5]",124519.70847350318,3.9289098225529635,5.0,4535,4.0,20.0,5000.0,0.4836506741372918,fixed,log_V,nan,Fisher not positive definite,True,"[-0.015250441210973345, 10.957334465465307, 366.2958275640051]","[266.10895895552954, 152.90696635365043, -10.126168204661143, 100.71040483711239, -5.175986940740349, 0.4167419118246978]",4,True,nan
4071,"[23, 38, 5]",124519.70847350318,3.9289098225529635,5.0,4535,4.0,20.0,5000.0,0.4836506741372918,fixed,k_io,nan,Fisher not positive definite,True,"[-0.015250441210973345, 10.957334465465307, 366.2958275640051]","[266.10895895552954, 152.90696635365043, -10.126168204661143, 100.71040483711239, -5.175986940740349, 0.4167419118246978]",4,True,nan
4071,"[23, 38, 5]",124519.70847350318,3.9289098225529635,5.0,4535,4.0,20.0,5000.0,0.4836506741372918,marginal,log_rho,nan,Fisher not positive definite,True,"[-0.015251137581496993, 10.957276703368796, 353.716999754991]","[257.05762942180866, 147.50882894313023, -9.792150783360865, 97.49100072699832, -4.976781737684915, 0.40441580687885087]",4,True,nan
4071,"[23, 38, 5]",124519.70847350318,3.9289098225529635,5.0,4535,4.0,20.0,5000.0,0.4836506741372918,marginal,log_V,nan,Fisher not positive definite,True,"[-0.015251137581496993, 10.957276703368796, 353.716999754991]","[257.05762942180866, 147.50882894313023, -9.792150783360865, 97.49100072699832, -4.976781737684915, 0.40441580687885087]",4,True,nan
4071,"[23, 38, 5]",124519.70847350318,3.9289098225529635,5.0,4535,4.0,20.0,5000.0,0.4836506741372918,marginal,k_io,nan,Fisher not positive definite,True,"[-0.015251137581496993, 10.957276703368796, 353.716999754991]","[257.05762942180866, 147.50882894313023, -9.792150783360865, 97.49100072699832, -4.976781737684915, 0.40441580687885087]",4,True,nan
4071,"[23, 38, 5]",124519.70847350318,3.9289098225529635,5.0,4536,4.0,20.0,5500.0,0.5072571064586503,fixed,log_rho,nan,Fisher not positive definite,True,"[-0.015333868728850704, 10.933894163971685, 366.23923988610073]","[266.0364449946607, 152.90928862555398, -10.121527566978719, 100.71029770421445, -5.176137076415033, 0.4164422992987343]",4,True,nan
4071,"[23, 38, 5]",124519.70847350318,3.9289098225529635,5.0,4536,4.0,20.0,5500.0,0.5072571064586503,fixed,log_V,nan,Fisher not positive definite,True,"[-0.015333868728850704, 10.933894163971685, 366.23923988610073]","[266.0364449946607, 152.90928862555398, -10.121527566978719, 100.71029770421445, -5.176137076415033, 0.4164422992987343]",4,True,nan
4071,"[23, 38, 5]",124519.70847350318,3.9289098225529635,5.0,4536,4.0,20.0,5500.0,0.5072571064586503,fixed,k_io,nan,Fisher not positive definite,True,"[-0.015333868728850704, 10.933894163971685, 366.23923988610073]","[266.0364449946607, 152.90928862555398, -10.121527566978719, 100.71029770421445, -5.176137076415033, 0.4164422992987343]",4,True,nan
4071,"[23, 38, 5]",124519.70847350318,3.9289098225529635,5.0,4536,4.0,20.0,5500.0,0.5072571064586503,marginal,log_rho,nan,Fisher not positive definite,True,"[-0.015334548812593829, 10.933831747674914, 353.6674178766997]","[256.99190356386606, 147.51301317948776, -9.787856032726632, 97.49069957282984, -4.977057496636097, 0.40413247755464177]",4,True,nan
4071,"[23, 38, 5]",124519.70847350318,3.9289098225529635,5.0,4536,4.0,20.0,5500.0,0.5072571064586503,marginal,log_V,nan,Fisher not positive definite,True,"[-0.015334548812593829, 10.933831747674914, 353.6674178766997]","[256.99190356386606, 147.51301317948776, -9.787856032726632, 97.49069957282984, -4.977057496636097, 0.40413247755464177]",4,True,nan
4071,"[23, 38, 5]",124519.70847350318,3.9289098225529635,5.0,4536,4.0,20.0,5500.0,0.5072571064586503,marginal,k_io,nan,Fisher not positive definite,True,"[-0.015334548812593829, 10.933831747674914, 353.6674178766997]","[256.99190356386606, 147.51301317948776, -9.787856032726632, 97.49069957282984, -4.977057496636097, 0.40413247755464177]",4,True,nan
4071,"[23, 38, 5]",124519.70847350318,3.9289098225529635,5.0,4537,4.0,20.0,6000.0,0.5298127683551503,fixed,log_rho,nan,Fisher not positive definite,True,"[-0.015540385210812146, 10.91798324951971, 366.1960995398325]","[265.98254633682495, 152.90962135225317, -10.118199018872355, 100.71027795571788, -5.176156360303893, 0.4162287244639413]",4,True,nan
4071,"[23, 38, 5]",124519.70847350318,3.9289098225529635,5.0,4537,4.0,20.0,6000.0,0.5298127683551503,fixed,log_V,nan,Fisher not positive definite,True,"[-0.015540385210812146, 10.91798324951971, 366.1960995398325]","[265.98254633682495, 152.90962135225317, -10.118199018872355, 100.71027795571788, -5.176156360303893, 0.4162287244639413]",4,True,nan
4071,"[23, 38, 5]",124519.70847350318,3.9289098225529635,5.0,4537,4.0,20.0,6000.0,0.5298127683551503,fixed,k_io,nan,Fisher not positive definite,True,"[-0.015540385210812146, 10.91798324951971, 366.1960995398325]","[265.98254633682495, 152.90962135225317, -10.118199018872355, 100.71027795571788, -5.176156360303893, 0.4162287244639413]",4,True,nan
4071,"[23, 38, 5]",124519.70847350318,3.9289098225529635,5.0,4537,4.0,20.0,6000.0,0.5298127683551503,marginal,log_rho,nan,Fisher not positive definite,True,"[-0.01554105407420511, 10.917917957687393, 353.6292457914718]","[256.9427480335438, 147.51471669068764, -9.784764180140007, 97.4906268826605, -4.977164180892923, 0.4039299111552292]",4,True,nan
4071,"[23, 38, 5]",124519.70847350318,3.9289098225529635,5.0,4537,4.0,20.0,6000.0,0.5298127683551503,marginal,log_V,nan,Fisher not positive definite,True,"[-0.01554105407420511, 10.917917957687393, 353.6292457914718]","[256.9427480335438, 147.51471669068764, -9.784764180140007, 97.4906268826605, -4.977164180892923, 0.4039299111552292]",4,True,nan
4071,"[23, 38, 5]",124519.70847350318,3.9289098225529635,5.0,4537,4.0,20.0,6000.0,0.5298127683551503,marginal,k_io,nan,Fisher not positive definite,True,"[-0.01554105407420511, 10.917917957687393, 353.6292457914718]","[256.9427480335438, 147.51471669068764, -9.784764180140007, 97.4906268826605, -4.977164180892923, 0.4039299111552292]",4,True,nan
4071,"[23, 38, 5]",124519.70847350318,3.9289098225529635,5.0,4538,4.0,20.0,6500.0,0.5514466129839712,fixed,log_rho,nan,Fisher not positive definite,True,"[-0.015816570286174864, 10.905548041383637, 366.16082579326815]","[265.93834422614685, 152.90970734963608, -10.115650944463919, 100.71036848634388, -5.176147309262732, 0.41607378207499446]",4,True,nan
4071,"[23, 38, 5]",124519.70847350318,3.9289098225529635,5.0,4538,4.0,20.0,6500.0,0.5514466129839712,fixed,log_V,nan,Fisher not positive definite,True,"[-0.015816570286174864, 10.905548041383637, 366.16082579326815]","[265.93834422614685, 152.90970734963608, -10.115650944463919, 100.71036848634388, -5.176147309262732, 0.41607378207499446]",4,True,nan
4071,"[23, 38, 5]",124519.70847350318,3.9289098225529635,5.0,4538,4.0,20.0,6500.0,0.5514466129839712,fixed,k_io,nan,Fisher not positive definite,True,"[-0.015816570286174864, 10.905548041383637, 366.16082579326815]","[265.93834422614685, 152.90970734963608, -10.115650944463919, 100.71036848634388, -5.176147309262732, 0.41607378207499446]",4,True,nan
4071,"[23, 38, 5]",124519.70847350318,3.9289098225529635,5.0,4538,4.0,20.0,6500.0,0.5514466129839712,marginal,log_rho,nan,Fisher not positive definite,True,"[-0.015817222373823988, 10.905480896954268, 353.5977638468894]","[256.9021561465, 147.51586896074562, -9.782387346116298, 97.49070414237137, -4.977217188005516, 0.40378268930394356]",4,True,nan
4071,"[23, 38, 5]",124519.70847350318,3.9289098225529635,5.0,4538,4.0,20.0,6500.0,0.5514466129839712,marginal,log_V,nan,Fisher not positive definite,True,"[-0.015817222373823988, 10.905480896954268, 353.5977638468894]","[256.9021561465, 147.51586896074562, -9.782387346116298, 97.49070414237137, -4.977217188005516, 0.40378268930394356]",4,True,nan
4071,"[23, 38, 5]",124519.70847350318,3.9289098225529635,5.0,4538,4.0,20.0,6500.0,0.5514466129839712,marginal,k_io,nan,Fisher not positive definite,True,"[-0.015817222373823988, 10.905480896954268, 353.5977638468894]","[256.9021561465, 147.51586896074562, -9.782387346116298, 97.49070414237137, -4.977217188005516, 0.40378268930394356]",4,True,nan
4071,"[23, 38, 5]",124519.70847350318,3.9289098225529635,5.0,4539,4.0,20.0,7000.0,0.5722631950692264,fixed,log_rho,nan,Fisher not positive definite,True,"[-0.016069489821974203, 10.895039348569881, 366.13224152163747]","[265.9016725908461, 152.91034690004778, -10.113646074799753, 100.71052835220874, -5.176158367218408, 0.4159604174932244]",4,True,nan
4071,"[23, 38, 5]",124519.70847350318,3.9289098225529635,5.0,4539,4.0,20.0,7000.0,0.5722631950692264,fixed,log_V,nan,Fisher not positive definite,True,"[-0.016069489821974203, 10.895039348569881, 366.13224152163747]","[265.9016725908461, 152.91034690004778, -10.113646074799753, 100.71052835220874, -5.176158367218408, 0.4159604174932244]",4,True,nan
4071,"[23, 38, 5]",124519.70847350318,3.9289098225529635,5.0,4539,4.0,20.0,7000.0,0.5722631950692264,fixed,k_io,nan,Fisher not positive definite,True,"[-0.016069489821974203, 10.895039348569881, 366.13224152163747]","[265.9016725908461, 152.91034690004778, -10.113646074799753, 100.71052835220874, -5.176158367218408, 0.4159604174932244]",4,True,nan
4071,"[23, 38, 5]",124519.70847350318,3.9289098225529635,5.0,4539,4.0,20.0,7000.0,0.5722631950692264,marginal,log_rho,nan,Fisher not positive definite,True,"[-0.01607011799039433, 10.894970872718869, 353.57216649862517]","[256.86835347643586, 147.51734535717608, -9.780511257749428, 97.49084074092752, -4.977272823645537, 0.403674921439607]",4,True,nan
4071,"[23, 38, 5]",124519.70847350318,3.9289098225529635,5.0,4539,4.0,20.0,7000.0,0.5722631950692264,marginal,log_V,nan,Fisher not positive definite,True,"[-0.01607011799039433, 10.894970872718869, 353.57216649862517]","[256.86835347643586, 147.51734535717608, -9.780511257749428, 97.49084074092752, -4.977272823645537, 0.403674921439607]",4,True,nan
4071,"[23, 38, 5]",124519.70847350318,3.9289098225529635,5.0,4539,4.0,20.0,7000.0,0.5722631950692264,marginal,k_io,nan,Fisher not positive definite,True,"[-0.01607011799039433, 10.894970872718869, 353.57216649862517]","[256.86835347643586, 147.51734535717608, -9.780511257749428, 97.49084074092752, -4.977272823645537, 0.403674921439607]",4,True,nan
4071,"[23, 38, 5]",124519.70847350318,3.9289098225529635,5.0,4540,4.0,20.0,7500.0,0.5923486826947327,fixed,log_rho,nan,Fisher not positive definite,True,"[-0.016200849447628955, 10.886101321765723, 366.1100664098416]","[265.8723423472738, 152.9115819253155, -10.112063410408384, 100.71068796981146, -5.1761988175612, 0.4158774626029784]",4,True,nan
4071,"[23, 38, 5]",124519.70847350318,3.9289098225529635,5.0,4540,4.0,20.0,7500.0,0.5923486826947327,fixed,log_V,nan,Fisher not positive definite,True,"[-0.016200849447628955, 10.886101321765723, 366.1100664098416]","[265.8723423472738, 152.9115819253155, -10.112063410408384, 100.71068796981146, -5.1761988175612, 0.4158774626029784]",4,True,nan
4071,"[23, 38, 5]",124519.70847350318,3.9289098225529635,5.0,4540,4.0,20.0,7500.0,0.5923486826947327,fixed,k_io,nan,Fisher not positive definite,True,"[-0.016200849447628955, 10.886101321765723, 366.1100664098416]","[265.8723423472738, 152.9115819253155, -10.112063410408384, 100.71068796981146, -5.1761988175612, 0.4158774626029784]",4,True,nan
4071,"[23, 38, 5]",124519.70847350318,3.9289098225529635,5.0,4540,4.0,20.0,7500.0,0.5923486826947327,marginal,log_rho,nan,Fisher not positive definite,True,"[-0.01620144825080656, 10.886031738345952, 353.55235802881685]","[256.8413306215015, 147.51923037880113, -9.779027828999492, 97.49095400376909, -4.977345689364096, 0.4035961477456584]",4,True,nan
4071,"[23, 38, 5]",124519.70847350318,3.9289098225529635,5.0,4540,4.0,20.0,7500.0,0.5923486826947327,marginal,log_V,nan,Fisher not positive definite,True,"[-0.01620144825080656, 10.886031738345952, 353.55235802881685]","[256.8413306215015, 147.51923037880113, -9.779027828999492, 97.49095400376909, -4.977345689364096, 0.4035961477456584]",4,True,nan
4071,"[23, 38, 5]",124519.70847350318,3.9289098225529635,5.0,4540,4.0,20.0,7500.0,0.5923486826947327,marginal,k_io,nan,Fisher not positive definite,True,"[-0.01620144825080656, 10.886031738345952, 353.55235802881685]","[256.8413306215015, 147.51923037880113, -9.779027828999492, 97.49095400376909, -4.977345689364096, 0.4035961477456584]",4,True,nan
4071,"[23, 38, 5]",124519.70847350318,3.9289098225529635,5.0,4541,4.0,20.0,8000.0,0.6117750888598937,fixed,log_rho,nan,Fisher not positive definite,True,"[-0.01615711229049897, 10.878763989475473, 366.0937117816426]","[265.85009490408345, 152.91309684030418, -10.1108231341555, 100.71080093335634, -5.176258840464601, 0.4158169128555063]",4,True,nan
4071,"[23, 38, 5]",124519.70847350318,3.9289098225529635,5.0,4541,4.0,20.0,8000.0,0.6117750888598937,fixed,log_V,nan,Fisher not positive definite,True,"[-0.01615711229049897, 10.878763989475473, 366.0937117816426]","[265.85009490408345, 152.91309684030418, -10.1108231341555, 100.71080093335634, -5.176258840464601, 0.4158169128555063]",4,True,nan
4071,"[23, 38, 5]",124519.70847350318,3.9289098225529635,5.0,4541,4.0,20.0,8000.0,0.6117750888598937,fixed,k_io,nan,Fisher not positive definite,True,"[-0.01615711229049897, 10.878763989475473, 366.0937117816426]","[265.85009490408345, 152.91309684030418, -10.1108231341555, 100.71080093335634, -5.176258840464601, 0.4158169128555063]",4,True,nan
4071,"[23, 38, 5]",124519.70847350318,3.9289098225529635,5.0,4541,4.0,20.0,8000.0,0.6117750888598937,marginal,log_rho,nan,Fisher not positive definite,True,"[-0.01615767919074016, 10.878693380823915, 353.5378694862012]","[256.82093154102415, 147.52124399910542, -9.777865130552795, 97.49100349563531, -4.977429725790478, 0.4035388060469995]",4,True,nan
4071,"[23, 38, 5]",124519.70847350318,3.9289098225529635,5.0,4541,4.0,20.0,8000.0,0.6117750888598937,marginal,log_V,nan,Fisher not positive definite,True,"[-0.01615767919074016, 10.878693380823915, 353.5378694862012]","[256.82093154102415, 147.52124399910542, -9.777865130552795, 97.49100349563531, -4.977429725790478, 0.4035388060469995]",4,True,nan
4071,"[23, 38, 5]",124519.70847350318,3.9289098225529635,5.0,4541,4.0,20.0,8000.0,0.6117750888598937,marginal,k_io,nan,Fisher not positive definite,True,"[-0.01615767919074016, 10.878693380823915, 353.5378694862012]","[256.82093154102415, 147.52124399910542, -9.777865130552795, 97.49100349563531, -4.977429725790478, 0.4035388060469995]",4,True,nan
4071,"[23, 38, 5]",124519.70847350318,3.9289098225529635,5.0,4542,4.0,20.0,8500.0,0.630603327622743,fixed,log_rho,nan,Fisher not positive definite,True,"[-0.01595093285552658, 10.87305842271128, 366.08225252952616]","[265.8341972256729, 152.91454862691435, -10.109863392303238, 100.71085207971586, -5.17632336785634, 0.4157724285597282]",4,True,nan
4071,"[23, 38, 5]",124519.70847350318,3.9289098225529635,5.0,4542,4.0,20.0,8500.0,0.630603327622743,fixed,log_V,nan,Fisher not positive definite,True,"[-0.01595093285552658, 10.87305842271128, 366.08225252952616]","[265.8341972256729, 152.91454862691435, -10.109863392303238, 100.71085207971586, -5.17632336785634, 0.4157724285597282]",4,True,nan
4071,"[23, 38, 5]",124519.70847350318,3.9289098225529635,5.0,4542,4.0,20.0,8500.0,0.630603327622743,fixed,k_io,nan,Fisher not positive definite,True,"[-0.01595093285552658, 10.87305842271128, 366.08225252952616]","[265.8341972256729, 152.91454862691435, -10.109863392303238, 100.71085207971586, -5.17632336785634, 0.4157724285597282]",4,True,nan
4071,"[23, 38, 5]",124519.70847350318,3.9289098225529635,5.0,4542,4.0,20.0,8500.0,0.630603327622743,marginal,log_rho,nan,Fisher not positive definite,True,"[-0.015951468526635714, 10.872986834068662, 353.52786746368145]","[256.8064952801142, 147.52307518336045, -9.776966453859194, 97.49098659591493, -4.977512528299941, 0.4034968381277758]",4,True,nan
4071,"[23, 38, 5]",124519.70847350318,3.9289098225529635,5.0,4542,4.0,20.0,8500.0,0.630603327622743,marginal,log_V,nan,Fisher not positive definite,True,"[-0.015951468526635714, 10.872986834068662, 353.52786746368145]","[256.8064952801142, 147.52307518336045, -9.776966453859194, 97.49098659591493, -4.977512528299941, 0.4034968381277758]",4,True,nan
4071,"[23, 38, 5]",124519.70847350318,3.9289098225529635,5.0,4542,4.0,20.0,8500.0,0.630603327622743,marginal,k_io,nan,Fisher not positive definite,True,"[-0.015951468526635714, 10.872986834068662, 353.52786746368145]","[256.8064952801142, 147.52307518336045, -9.776966453859194, 97.49098659591493, -4.977512528299941, 0.4034968381277758]",4,True,nan
4071,"[23, 38, 5]",124519.70847350318,3.9289098225529635,5.0,4543,4.0,20.0,9000.0,0.6488854708407503,fixed,log_rho,nan,Fisher not positive definite,True,"[-0.015647705100424607, 10.868897173012002, 366.07468197216923]","[265.8236154861784, 152.91572331486216, -10.109135997727902, 100.71084124297572, -5.176379306449559, 0.4157389884370638]",4,True,nan
4071,"[23, 38, 5]",124519.70847350318,3.9289098225529635,5.0,4543,4.0,20.0,9000.0,0.6488854708407503,fixed,log_V,nan,Fisher not positive definite,True,"[-0.015647705100424607, 10.868897173012002, 366.07468197216923]","[265.8236154861784, 152.91572331486216, -10.109135997727902, 100.71084124297572, -5.176379306449559, 0.4157389884370638]",4,True,nan
4071,"[23, 38, 5]",124519.70847350318,3.9289098225529635,5.0,4543,4.0,20.0,9000.0,0.6488854708407503,fixed,k_io,nan,Fisher not positive definite,True,"[-0.015647705100424607, 10.868897173012002, 366.07468197216923]","[265.8236154861784, 152.91572331486216, -10.109135997727902, 100.71084124297572, -5.176379306449559, 0.4157389884370638]",4,True,nan
4071,"[23, 38, 5]",124519.70847350318,3.9289098225529635,5.0,4543,4.0,20.0,9000.0,0.6488854708407503,marginal,log_rho,nan,Fisher not positive definite,True,"[-0.01564821342044388, 10.86882467208604, 353.5214148032529]","[256.79704103069207, 147.52453576398426, -9.776287072595174, 97.4909150847114, -4.977582853781073, 0.4034654058605998]",4,True,nan
4071,"[23, 38, 5]",124519.70847350318,3.9289098225529635,5.0,4543,4.0,20.0,9000.0,0.6488854708407503,marginal,log_V,nan,Fisher not positive definite,True,"[-0.01564821342044388, 10.86882467208604, 353.5214148032529]","[256.79704103069207, 147.52453576398426, -9.776287072595174, 97.4909150847114, -4.977582853781073, 0.4034654058605998]",4,True,nan
4071,"[23, 38, 5]",124519.70847350318,3.9289098225529635,5.0,4543,4.0,20.0,9000.0,0.6488854708407503,marginal,k_io,nan,Fisher not positive definite,True,"[-0.01564821342044388, 10.86882467208604, 353.5214148032529]","[256.79704103069207, 147.52453576398426, -9.776287072595174, 97.4909150847114, -4.977582853781073, 0.4034654058605998]",4,True,nan
4071,"[23, 38, 5]",124519.70847350318,3.9289098225529635,5.0,4544,4.0,20.0,9500.0,0.6666664471289732,fixed,log_rho,nan,Fisher not positive definite,True,"[-0.01533758615854577, 10.866076643295512, 366.07005610137]","[265.8171947443288, 152.91655584882272, -10.108604820960363, 100.7107737437691, -5.176418333666812, 0.4157130668163643]",4,True,nan
4071,"[23, 38, 5]",124519.70847350318,3.9289098225529635,5.0,4544,4.0,20.0,9500.0,0.6666664471289732,fixed,log_V,nan,Fisher not positive definite,True,"[-0.01533758615854577, 10.866076643295512, 366.07005610137]","[265.8171947443288, 152.91655584882272, -10.108604820960363, 100.7107737437691, -5.176418333666812, 0.4157130668163643]",4,True,nan
4071,"[23, 38, 5]",124519.70847350318,3.9289098225529635,5.0,4544,4.0,20.0,9500.0,0.6666664471289732,fixed,k_io,nan,Fisher not positive definite,True,"[-0.01533758615854577, 10.866076643295512, 366.07005610137]","[265.8171947443288, 152.91655584882272, -10.108604820960363, 100.7107737437691, -5.176418333666812, 0.4157130668163643]",4,True,nan
4071,"[23, 38, 5]",124519.70847350318,3.9289098225529635,5.0,4544,4.0,20.0,9500.0,0.6666664471289732,marginal,log_rho,nan,Fisher not positive definite,True,"[-0.015338074078627086, 10.866003346725849, 353.517617332295]","[256.7914526823673, 147.52557892619302, -9.775793247326138, 97.49080224659889, -4.977633624251322, 0.4034411070390407]",4,True,nan
4071,"[23, 38, 5]",124519.70847350318,3.9289098225529635,5.0,4544,4.0,20.0,9500.0,0.6666664471289732,marginal,log_V,nan,Fisher not positive definite,True,"[-0.015338074078627086, 10.866003346725849, 353.517617332295]","[256.7914526823673, 147.52557892619302, -9.775793247326138, 97.49080224659889, -4.977633624251322, 0.4034411070390407]",4,True,nan
4071,"[23, 38, 5]",124519.70847350318,3.9289098225529635,5.0,4544,4.0,20.0,9500.0,0.6666664471289732,marginal,k_io,nan,Fisher not positive definite,True,"[-0.015338074078627086, 10.866003346725849, 353.517617332295]","[256.7914526823673, 147.52557892619302, -9.775793247326138, 97.49080224659889, -4.977633624251322, 0.4034411070390407]",4,True,nan
4071,"[23, 38, 5]",124519.70847350318,3.9289098225529635,5.0,4545,4.0,20.0,10000.0,0.6839853428158483,fixed,log_rho,nan,Fisher not positive definite,True,"[-0.015107139662975558, 10.864331177475849, 366.06752595841647]","[265.8137699988748, 152.91707842973406, -10.108242197170547, 100.71066505959466, -5.176437244177779, 0.415692597510401]",4,True,nan
4071,"[23, 38, 5]",124519.70847350318,3.9289098225529635,5.0,4545,4.0,20.0,10000.0,0.6839853428158483,fixed,log_V,nan,Fisher not positive definite,True,"[-0.015107139662975558, 10.864331177475849, 366.06752595841647]","[265.8137699988748, 152.91707842973406, -10.108242197170547, 100.71066505959466, -5.176437244177779, 0.415692597510401]",4,True,nan
4071,"[23, 38, 5]",124519.70847350318,3.9289098225529635,5.0,4545,4.0,20.0,10000.0,0.6839853428158483,fixed,k_io,nan,Fisher not positive definite,True,"[-0.015107139662975558, 10.864331177475849, 366.06752595841647]","[265.8137699988748, 152.91707842973406, -10.108242197170547, 100.71066505959466, -5.176437244177779, 0.415692597510401]",4,True,nan
4071,"[23, 38, 5]",124519.70847350318,3.9289098225529635,5.0,4545,4.0,20.0,10000.0,0.6839853428158483,marginal,log_rho,nan,Fisher not positive definite,True,"[-0.015107616706306016, 10.864257250988073, 353.51566352386294]","[256.7885975430275, 147.52624900748742, -9.775459090563627, 97.49066654965688, -4.977662431718554, 0.40342196261841046]",4,True,nan
4071,"[23, 38, 5]",124519.70847350318,3.9289098225529635,5.0,4545,4.0,20.0,10000.0,0.6839853428158483,marginal,log_V,nan,Fisher not positive definite,True,"[-0.015107616706306016, 10.864257250988073, 353.51566352386294]","[256.7885975430275, 147.52624900748742, -9.775459090563627, 97.49066654965688, -4.977662431718554, 0.40342196261841046]",4,True,nan
4071,"[23, 38, 5]",124519.70847350318,3.9289098225529635,5.0,4545,4.0,20.0,10000.0,0.6839853428158483,marginal,k_io,nan,Fisher not positive definite,True,"[-0.015107616706306016, 10.864257250988073, 353.51566352386294]","[256.7885975430275, 147.52624900748742, -9.775459090563627, 97.49066654965688, -4.977662431718554, 0.40342196261841046]",4,True,nan
4071,"[23, 38, 5]",124519.70847350318,3.9289098225529635,5.0,4546,4.0,20.0,10500.0,0.7008764132471995,fixed,log_rho,nan,Fisher not positive definite,True,"[-0.015014226117689032, 10.86340848130825, 366.0663672402116]","[265.8123000969418, 152.9173484332918, -10.108024327080846, 100.71054848195908, -5.176437167967839, 0.41567651666005223]",4,True,nan
4071,"[23, 38, 5]",124519.70847350318,3.9289098225529635,5.0,4546,4.0,20.0,10500.0,0.7008764132471995,fixed,log_V,nan,Fisher not positive definite,True,"[-0.015014226117689032, 10.86340848130825, 366.0663672402116]","[265.8123000969418, 152.9173484332918, -10.108024327080846, 100.71054848195908, -5.176437167967839, 0.41567651666005223]",4,True,nan
4071,"[23, 38, 5]",124519.70847350318,3.9289098225529635,5.0,4546,4.0,20.0,10500.0,0.7008764132471995,fixed,k_io,nan,Fisher not positive definite,True,"[-0.015014226117689032, 10.86340848130825, 366.0663672402116]","[265.8123000969418, 152.9173484332918, -10.108024327080846, 100.71054848195908, -5.176437167967839, 0.41567651666005223]",4,True,nan
4071,"[23, 38, 5]",124519.70847350318,3.9289098225529635,5.0,4546,4.0,20.0,10500.0,0.7008764132471995,marginal,log_rho,nan,Fisher not positive definite,True,"[-0.01501470325307541, 10.863334116457931, 353.5148633738621]","[256.7874686647252, 147.52661234044086, -9.775262307118536, 97.4905397935942, -4.977670881327044, 0.4034069731498971]",4,True,nan
4071,"[23, 38, 5]",124519.70847350318,3.9289098225529635,5.0,4546,4.0,20.0,10500.0,0.7008764132471995,marginal,log_V,nan,Fisher not positive definite,True,"[-0.01501470325307541, 10.863334116457931, 353.5148633738621]","[256.7874686647252, 147.52661234044086, -9.775262307118536, 97.4905397935942, -4.977670881327044, 0.4034069731498971]",4,True,nan
4071,"[23, 38, 5]",124519.70847350318,3.9289098225529635,5.0,4546,4.0,20.0,10500.0,0.7008764132471995,marginal,k_io,nan,Fisher not positive definite,True,"[-0.01501470325307541, 10.863334116457931, 353.5148633738621]","[256.7874686647252, 147.52661234044086, -9.775262307118536, 97.4905397935942, -4.977670881327044, 0.4034069731498971]",4,True,nan
4071,"[23, 38, 5]",124519.70847350318,3.9289098225529635,5.0,4547,4.0,20.0,11000.0,0.7173698795639561,fixed,log_rho,nan,Fisher not positive definite,True,"[-0.015070420640347101, 10.863131620661356, 366.06604298709544]","[265.8120265911268, 152.9173956855775, -10.10792771581485, 100.71047314904601, -5.17642234880652, 0.41566417787774385]",4,True,nan
4071,"[23, 38, 5]",124519.70847350318,3.9289098225529635,5.0,4547,4.0,20.0,11000.0,0.7173698795639561,fixed,log_V,nan,Fisher not positive definite,True,"[-0.015070420640347101, 10.863131620661356, 366.06604298709544]","[265.8120265911268, 152.9173956855775, -10.10792771581485, 100.71047314904601, -5.17642234880652, 0.41566417787774385]",4,True,nan
4071,"[23, 38, 5]",124519.70847350318,3.9289098225529635,5.0,4547,4.0,20.0,11000.0,0.7173698795639561,fixed,k_io,nan,Fisher not positive definite,True,"[-0.015070420640347101, 10.863131620661356, 366.06604298709544]","[265.8120265911268, 152.9173956855775, -10.10792771581485, 100.71047314904601, -5.17642234880652, 0.41566417787774385]",4,True,nan
4071,"[23, 38, 5]",124519.70847350318,3.9289098225529635,5.0,4547,4.0,20.0,11000.0,0.7173698795639561,marginal,log_rho,nan,Fisher not positive definite,True,"[-0.01507090859915104, 10.863056996246804, 353.51471728929783]","[256.78734831066583, 147.52670707163514, -9.775180816048787, 97.49046653724209, -4.977663471409518, 0.40339554116150284]",4,True,nan
4071,"[23, 38, 5]",124519.70847350318,3.9289098225529635,5.0,4547,4.0,20.0,11000.0,0.7173698795639561,marginal,log_V,nan,Fisher not positive definite,True,"[-0.01507090859915104, 10.863056996246804, 353.51471728929783]","[256.78734831066583, 147.52670707163514, -9.775180816048787, 97.49046653724209, -4.977663471409518, 0.40339554116150284]",4,True,nan
4071,"[23, 38, 5]",124519.70847350318,3.9289098225529635,5.0,4547,4.0,20.0,11000.0,0.7173698795639561,marginal,k_io,nan,Fisher not positive definite,True,"[-0.01507090859915104, 10.863056996246804, 353.51471728929783]","[256.78734831066583, 147.52670707163514, -9.775180816048787, 97.49046653724209, -4.977663471409518, 0.40339554116150284]",4,True,nan
4071,"[23, 38, 5]",124519.70847350318,3.9289098225529635,5.0,4548,4.0,20.0,11500.0,0.7334925640829296,fixed,log_rho,nan,Fisher not positive definite,True,"[-0.015238931887052228, 10.863412211582148, 366.0662515248748]","[265.8125614764052, 152.9172128376016, -10.107927693934082, 100.71048923049491, -5.176398844592672, 0.4156549639067938]",4,True,nan
4071,"[23, 38, 5]",124519.70847350318,3.9289098225529635,5.0,4548,4.0,20.0,11500.0,0.7334925640829296,fixed,log_V,nan,Fisher not positive definite,True,"[-0.015238931887052228, 10.863412211582148, 366.0662515248748]","[265.8125614764052, 152.9172128376016, -10.107927693934082, 100.71048923049491, -5.176398844592672, 0.4156549639067938]",4,True,nan
4071,"[23, 38, 5]",124519.70847350318,3.9289098225529635,5.0,4548,4.0,20.0,11500.0,0.7334925640829296,fixed,k_io,nan,Fisher not positive definite,True,"[-0.015238931887052228, 10.863412211582148, 366.0662515248748]","[265.8125614764052, 152.9172128376016, -10.107927693934082, 100.71048923049491, -5.176398844592672, 0.4156549639067938]",4,True,nan
4071,"[23, 38, 5]",124519.70847350318,3.9289098225529635,5.0,4548,4.0,20.0,11500.0,0.7334925640829296,marginal,log_rho,nan,Fisher not positive definite,True,"[-0.01523943933721349, 10.863337455781043, 353.51496471903107]","[256.7878945497292, 147.5265346490611, -9.775191300983005, 97.49049102241597, -4.977646377538949, 0.4033870865331885]",4,True,nan
4071,"[23, 38, 5]",124519.70847350318,3.9289098225529635,5.0,4548,4.0,20.0,11500.0,0.7334925640829296,marginal,log_V,nan,Fisher not positive definite,True,"[-0.01523943933721349, 10.863337455781043, 353.51496471903107]","[256.7878945497292, 147.5265346490611, -9.775191300983005, 97.49049102241597, -4.977646377538949, 0.4033870865331885]",4,True,nan
4071,"[23, 38, 5]",124519.70847350318,3.9289098225529635,5.0,4548,4.0,20.0,11500.0,0.7334925640829296,marginal,k_io,nan,Fisher not positive definite,True,"[-0.01523943933721349, 10.863337455781043, 353.51496471903107]","[256.7878945497292, 147.5265346490611, -9.775191300983005, 97.49049102241597, -4.977646377538949, 0.4033870865331885]",4,True,nan
4071,"[23, 38, 5]",124519.70847350318,3.9289098225529635,5.0,4549,4.0,20.0,12000.0,0.7492684025262885,fixed,log_rho,nan,Fisher not positive definite,True,"[-0.015450909712801735, 10.864209521876406, 366.0669074692255]","[265.8138341979068, 152.91678438117904, -10.107998898923924, 100.71062718282776, -5.1763733243929035, 0.41564818802618503]",4,True,nan
4071,"[23, 38, 5]",124519.70847350318,3.9289098225529635,5.0,4549,4.0,20.0,12000.0,0.7492684025262885,fixed,log_V,nan,Fisher not positive definite,True,"[-0.015450909712801735, 10.864209521876406, 366.0669074692255]","[265.8138341979068, 152.91678438117904, -10.107998898923924, 100.71062718282776, -5.1763733243929035, 0.41564818802618503]",4,True,nan
4071,"[23, 38, 5]",124519.70847350318,3.9289098225529635,5.0,4549,4.0,20.0,12000.0,0.7492684025262885,fixed,k_io,nan,Fisher not positive definite,True,"[-0.015450909712801735, 10.864209521876406, 366.0669074692255]","[265.8138341979068, 152.91678438117904, -10.107998898923924, 100.71062718282776, -5.1763733243929035, 0.41564818802618503]",4,True,nan
4071,"[23, 38, 5]",124519.70847350318,3.9289098225529635,5.0,4549,4.0,20.0,12000.0,0.7492684025262885,marginal,log_rho,nan,Fisher not positive definite,True,"[-0.015451441853106918, 10.864134691338126, 353.51556155845924]","[256.78908306928133, 147.5260885842123, -9.775269627935355, 97.49063798187778, -4.977626316627041, 0.4033809502714031]",4,True,nan
4071,"[23, 38, 5]",124519.70847350318,3.9289098225529635,5.0,4549,4.0,20.0,12000.0,0.7492684025262885,marginal,log_V,nan,Fisher not positive definite,True,"[-0.015451441853106918, 10.864134691338126, 353.51556155845924]","[256.78908306928133, 147.5260885842123, -9.775269627935355, 97.49063798187778, -4.977626316627041, 0.4033809502714031]",4,True,nan
4071,"[23, 38, 5]",124519.70847350318,3.9289098225529635,5.0,4549,4.0,20.0,12000.0,0.7492684025262885,marginal,k_io,nan,Fisher not positive definite,True,"[-0.015451441853106918, 10.864134691338126, 353.51556155845924]","[256.78908306928133, 147.5260885842123, -9.775269627935355, 97.49063798187778, -4.977626316627041, 0.4033809502714031]",4,True,nan
