delta_ms,Delta_ms,b_s_mm2,n,min,q05,q25,median,q75,q95,max,mean
5.0,15.0,0.0,39,0.0,0.0,0.0,0.0,0.0,0.0,0.0,0.0
5.0,15.0,500.0,39,0.00018454097031344696,0.00018769021858991333,0.00020114507263407146,0.00024848182880938337,0.0003269398293826952,0.0003647690693763669,0.0003774012479950798,0.00026468611088818674
5.0,15.0,1000.0,39,0.000199278058622192,0.00020291845197046405,0.0002167013991054359,0.0002554607735808028,0.0003264363466886978,0.00035003178456545074,0.0003633394953217552,0.00026965077319110936
5.0,15.0,1500.0,39,0.00019670630915649573,0.00020192751914977855,0.0002117613544858797,0.0002402207687566185,0.00027210679873694143,0.000283837613421622,0.0002906443641865811,0.00024253229302649825
5.0,15.0,2000.0,39,0.00018104474578514604,0.000192661881723201,0.0002056404260098212,0.0002263796900714237,0.00023650105744493988,0.00027649404438331415,0.000296352788118817,0.00022511221161164655
5.0,15.0,2500.0,39,0.0001675797281491939,0.0001737652536031532,0.00019801981533432004,0.0002105361739237713,0.00023357758219655426,0.00027627920445699955,0.00028858411728798216,0.00021603421701692452
5.0,15.0,3000.0,39,0.00015756061859624452,0.0001628378021948467,0.00019021551836559693,0.00020605608288794388,0.0002302730890999548,0.0002600327973683612,0.00026952001884921985,0.00020969480794877748
5.0,15.0,3500.0,39,0.0001511442918858077,0.00015719415617198418,0.00018899015076693875,0.00019962768550122433,0.00022345830926089324,0.0002484399698547903,0.00024989408648623567,0.00020361321238659914
5.0,15.0,4000.0,39,0.00015023230287995826,0.00015392937831427476,0.00018384976812009903,0.00019971709033020236,0.00022069681405566764,0.0002373278552532529,0.00024009446983513078,0.00019871563253933875
5.0,15.0,4500.0,39,0.00015455745287678107,0.00015481939353748577,0.00017564922320146772,0.00020103166319582693,0.00021805051161535426,0.0002245530082850802,0.00023134797895489473,0.0001963984666072812
5.0,15.0,5000.0,39,0.0001597549659622378,0.00016352024914191484,0.00017698219241025234,0.00020103400300909932,0.00021742975522219874,0.00022517259904419453,0.00022979944785123753,0.00019648777530168046
5.0,15.0,5500.0,39,0.00016701247843545235,0.0001682336384541359,0.0001786278163638328,0.0001979324996113348,0.00021141208030093332,0.00022792271575390718,0.00022935719846461583,0.00019753767168385815
5.0,15.0,6000.0,39,0.0001693818614956599,0.0001739498157029977,0.00018412414497293066,0.00019978953425211037,0.0002070204942858664,0.00022552297120049898,0.00022819921405647673,0.00019794377683194665
5.0,15.0,6500.0,39,0.00015911812869024846,0.0001725880794732517,0.00018218393895504012,0.0001987073183012191,0.00020626665828741398,0.00022455706327772278,0.00023254204726445808,0.00019679837765430785
5.0,15.0,7000.0,39,0.00014842462799255577,0.00016158461426334973,0.00018211089090935858,0.0001928838206783006,0.0002045066673402388,0.00022616885927254047,0.00023757304224648014,0.00019417613020900377
5.0,15.0,7500.0,39,0.0001402744478336245,0.00015339788003669293,0.0001784138787542177,0.00018796158541190715,0.00020356008330485963,0.0002273046422013759,0.0002408183914250891,0.00019090242776776707
5.0,15.0,8000.0,39,0.00013517690593666743,0.00015051776230099766,0.00017375401825622772,0.00018547096777343683,0.00019942981163079788,0.00022910985042274215,0.00024119063808572996,0.00018804731420355296
5.0,15.0,8500.0,39,0.00013462747940082645,0.00015297892569917992,0.00017463075555855165,0.00018408595548282598,0.00019600039952601583,0.00023061233898124088,0.00023866152306533452,0.0001864456358541308
5.0,15.0,9000.0,39,0.00013858365753261216,0.00014736844565130206,0.00017348636161476134,0.00018375118804444998,0.00020072140750450925,0.0002299018361077969,0.00023397722034279182,0.00018649559701649094
5.0,15.0,9500.0,39,0.00014407966832618652,0.00014942918202899365,0.00017082734665364635,0.00018373889870715543,0.00020769441054120842,0.00023045976920261542,0.00023162277224458478,0.00018814837325546252
5.0,15.0,10000.0,39,0.00013838420531109006,0.0001467406747681632,0.00016941273614755735,0.00018800902918582443,0.00021557433474704045,0.00022995340343121684,0.00024030583397937635,0.00019095204808139676
5.0,15.0,10500.0,39,0.00013674423767364715,0.00014705836522750258,0.0001711005843673763,0.00019454230705231123,0.000216971516490708,0.00023498096565847306,0.00024744779657443877,0.00019427639101711353
5.0,15.0,11000.0,39,0.00013968288669433617,0.00015135237768720554,0.00017239074181970646,0.00020143421228169394,0.00021693916994277012,0.00023859733771127816,0.0002526667031321443,0.00019755320946969273
5.0,15.0,11500.0,39,0.00014657565303836218,0.0001591316920083179,0.00017809661625663135,0.00020511534325990855,0.0002167753638104703,0.00024060460445298157,0.0002560669038877896,0.00020036500636565473
5.0,15.0,12000.0,39,0.0001560244135083082,0.000166248114569084,0.00018687288378406444,0.00020501786073894723,0.00021664750808247574,0.0002414334345904749,0.0002579721196761994,0.0002024773775285788
7.0,25.0,0.0,39,0.0,0.0,0.0,0.0,0.0,0.0,0.0,0.0
7.0,25.0,500.0,39,0.00019902417704451727,0.00019985762740306815,0.00024448181394580264,0.00028049437680000645,0.00035820755920898655,0.00044174741361401504,0.00044467423558004076,0.00030807099501305564
7.0,25.0,1000.0,39,0.0002529328083894392,0.00025902703531784804,0.0002946648851492729,0.00033270890288915746,0.0003994869947765145,0.0004947506760306619,0.0005160727298050574,0.0003585154223174873
7.0,25.0,1500.0,39,0.0002512415574119961,0.00026387446764334136,0.00029868431432265716,0.0003235940238038734,0.00035471102736616496,0.00044621177640942564,0.00046452544979696153,0.0003348104505164987
7.0,25.0,2000.0,39,0.00023282911576723414,0.0002503197939554252,0.0002761517218163561,0.0002943324627116261,0.0003070796098456185,0.00037523076762850085,0.00038654218288807125,0.0002979264003930381
7.0,25.0,2500.0,39,0.00021916188747113838,0.00023779681960658158,0.00025372950409918683,0.0002611321214609395,0.00027713968714108826,0.00031482192093961657,0.00031996549676495536,0.00026691013000477916
7.0,25.0,3000.0,39,0.0002069453352511526,0.00021992836729550975,0.00023525207573071887,0.000241448979992612,0.00025498228470341813,0.0002774978664707861,0.00028326587538034454,0.000246012156831057
7.0,25.0,3500.0,39,0.00017719732509197664,0.00019764087275283076,0.0002226813843003125,0.00023307216677172059,0.0002444713646467462,0.0002630918706609995,0.0002686773548839663,0.00023332065198905944
7.0,25.0,4000.0,39,0.0001589515764428876,0.00017601663411884197,0.00021530201990898896,0.0002275029009995892,0.00023816341518855682,0.00026387834620515265,0.0002671774701569876,0.00022512302862547277
7.0,25.0,4500.0,39,0.00015110868164437455,0.00016513757787371767,0.0002074491777833145,0.0002213012244853368,0.00023344811838146916,0.0002709133968781725,0.0002719321564096407,0.0002188892515676568
7.0,25.0,5000.0,39,0.00014901548857414613,0.00016160640586690257,0.00019769064649825815,0.00021235228268772828,0.0002273051559439346,0.0002752100063521805,0.00028130116918597125,0.00021391922195641012
7.0,25.0,5500.0,39,0.00014819014140116056,0.0001606858135910595,0.00019409539999138586,0.0002056127548873312,0.00022302923992399313,0.00027733774558394154,0.00028838335116980886,0.00021041658517179616
7.0,25.0,6000.0,39,0.00014680086515935523,0.00015988804815956722,0.00019198081231904744,0.00020515363199181315,0.00022028019296064022,0.0002762653048971307,0.00029157987886218787,0.00020839412202669632
7.0,25.0,6500.0,39,0.0001453385118742805,0.000159307201442464,0.00019115951516703028,0.0002026572998776174,0.0002182274482010554,0.0002720206345061079,0.0002907079198365286,0.00020735832747553805
7.0,25.0,7000.0,39,0.0001451420954555718,0.00015999760802268414,0.0001919803153057415,0.00020492633037553847,0.00021902586804535171,0.00026540867356052226,0.00028652980771914704,0.00020670320657420777
7.0,25.0,7500.0,39,0.0001470235575375112,0.00016236136676741546,0.00019310055161863166,0.00020293232339055317,0.00021767088871243307,0.00025761482048582693,0.0002801911635282153,0.00020611131074824005
7.0,25.0,8000.0,39,0.0001506385582518364,0.00016560016651413675,0.00019017982549568945,0.00020489013541659983,0.00021879072485638424,0.00024908686337057244,0.0002727456546667926,0.00020560765774656396
7.0,25.0,8500.0,39,0.00015477749639942258,0.00016122333938994334,0.00019027498202755833,0.00020787025309590318,0.00022102338830841053,0.000245651328654497,0.000264939581968099,0.00020536999307837076
7.0,25.0,9000.0,39,0.0001497129197290605,0.00016196216387045397,0.00018669860937742925,0.0002084571435954093,0.0002228123786180382,0.0002467191920207544,0.00025725118310648327,0.00020551358776616324
7.0,25.0,9500.0,39,0.00014519584295976615,0.00015960996135569536,0.00018520755287858482,0.00021234909721804793,0.00022546628581664315,0.0002445869486106585,0.0002500243928475874,0.00020596898099584925
7.0,25.0,10000.0,39,0.00014765136233287467,0.0001597142513230936,0.00018550892051654442,0.00021676542047813425,0.0002268368357928989,0.00024000045340420213,0.0002435828007147447,0.00020648212813185595
7.0,25.0,10500.0,39,0.0001545122090927401,0.00015708004351379997,0.0001881983000729725,0.0002177104147424349,0.00022932845186265853,0.000237497024545268,0.00023893680280640813,0.00020673227277516812
7.0,25.0,11000.0,39,0.00014776782220097629,0.0001531170639971045,0.00019316826122239375,0.00021441159252398215,0.00022853315032209605,0.00023929355386046293,0.0002429833448061419,0.00020646197439959518
7.0,25.0,11500.0,39,0.00014494098617181224,0.0001517405197284016,0.00019160442092339158,0.00021200600472767695,0.00022896632109050143,0.00024124151973277895,0.0002457868568344959,0.00020551121351699745
7.0,25.0,12000.0,39,0.0001461976962924227,0.0001542857281482277,0.00018223273744393353,0.0002064184286742197,0.0002277050736176484,0.00024071499965322267,0.00024681370674996104,0.00020379796385921545
10.0,30.0,0.0,39,0.0,0.0,0.0,0.0,0.0,0.0,0.0,0.0
10.0,30.0,500.0,39,0.00020016019282288183,0.00020267446872522258,0.0002332771977891921,0.00026038236505833694,0.000359905564381814,0.00046034821226659885,0.0004741404572831166,0.00030204972089555607
10.0,30.0,1000.0,39,0.00025491579123571864,0.0002568371639446548,0.00027170195151208614,0.000323331231006924,0.0004232776349718893,0.0005287174780264092,0.0005403615162624563,0.0003625006917662746
10.0,30.0,1500.0,39,0.0002532198372357371,0.0002552724470823386,0.00028492683811920204,0.000335099802275985,0.00039485775120676555,0.00048077648255192624,0.0005076567254813496,0.0003511719474168423
10.0,30.0,2000.0,39,0.0002420726543021149,0.00024550854276184433,0.0002788730550048334,0.0003099982324517507,0.0003485006223187788,0.0004107119400864094,0.0004341055931512878,0.00031794313699599067
10.0,30.0,2500.0,39,0.00021114540373835033,0.00021614860459067314,0.0002579558586724679,0.00027324157824353684,0.0003073708697122976,0.00034379401583060427,0.0003615019455096872,0.000282173415353109
10.0,30.0,3000.0,39,0.00019195841448504437,0.00019554748987193158,0.00023227251989885693,0.0002517692857608795,0.0002695836773451212,0.0003050334860764917,0.0003131086488169945,0.0002513982379316618
10.0,30.0,3500.0,39,0.00017061633989720726,0.00018362753350129418,0.00021708943150012156,0.0002276121876234489,0.0002429145924188697,0.0002755144110054562,0.0002845138222572583,0.00022822104999512585
10.0,30.0,4000.0,39,0.0001522914933978207,0.00017164665216570625,0.00020046777647913312,0.00021394657617762237,0.00022821596194500852,0.0002556173213389677,0.00026837572291914783,0.00021322607770481625
10.0,30.0,4500.0,39,0.00014861629022717738,0.00016450674516615128,0.00018970085114314425,0.0002001178028821106,0.00021835870334344093,0.0002470286051272955,0.0002588826837243996,0.0002052225560099966
10.0,30.0,5000.0,39,0.00015115198737224435,0.00016632876271726208,0.00018814502103190335,0.00019497984514773613,0.00021751651737822876,0.0002446703555205058,0.0002519382222898662,0.00020175817998653643
10.0,30.0,5500.0,39,0.00015532435212535321,0.00016759093240741266,0.00018574705223748674,0.00019645598328011106,0.00021101161033680187,0.00024526124129710717,0.00025719527297316685,0.0002005670759838086
10.0,30.0,6000.0,39,0.00016066468872006064,0.00017130580691165692,0.0001848047280806979,0.00019696392879847666,0.000207754314227087,0.0002472291629316722,0.0002639252426286958,0.000200418490774323
10.0,30.0,6500.0,39,0.00016770756711177265,0.00017428156470127566,0.00018543610699605202,0.00019877575497167114,0.00020842341613722153,0.00025259362730365624,0.000268090078450901,0.00020088968250392406
10.0,30.0,7000.0,39,0.0001682016715823908,0.0001746779554857934,0.0001862888943448236,0.00019984594590983173,0.00020997558038539469,0.00025373697386294066,0.00026843110430879545,0.00020178427896376617
10.0,30.0,7500.0,39,0.00016706077623905645,0.00017540024289460174,0.00018762044379800843,0.00020081518687894788,0.00021288698280256106,0.0002516229196246647,0.00026502867059459217,0.00020284584619300458
10.0,30.0,8000.0,39,0.000170863610802494,0.00017512581532670813,0.00018906167399160366,0.00019999408936570922,0.0002160953826475227,0.000247620401947458,0.0002589468018209611,0.0002038032800389921
10.0,30.0,8500.0,39,0.0001737261561882889,0.00017722178820669954,0.00019058083423865438,0.00020434443190690113,0.00021770736144530864,0.0002429396757120377,0.0002516554803112255,0.0002044712651681319
10.0,30.0,9000.0,39,0.0001724670217358195,0.0001778436051199073,0.00018770969220897074,0.0002053379856796148,0.00021780275608430558,0.00023821820335214765,0.00024673029776603597,0.00020476488746009686
10.0,30.0,9500.0,39,0.0001716603669825619,0.00017793206494160564,0.0001850186682713898,0.00020108218579770128,0.00022247586735593623,0.00023403916586839033,0.0002453457969723268,0.00020467238956281477
10.0,30.0,10000.0,39,0.00017119318142014563,0.00017505937389894423,0.00018348628750788223,0.0002024206452167089,0.00022460194584279054,0.00023330170630959823,0.00024523052880688303,0.00020424333816654433
10.0,30.0,10500.0,39,0.0001676731353735838,0.0001706757764611191,0.00018224582508154116,0.00020345300356894826,0.00022443799631396635,0.00023784572041129977,0.0002465544383988925,0.00020359160209492883
10.0,30.0,11000.0,39,0.00016272722133302896,0.000165941917405213,0.00018008691376608025,0.00020367864923113163,0.00022172610851286118,0.00024299797600315002,0.0002495868357877671,0.00020288926823586477
10.0,30.0,11500.0,39,0.00016106265600792448,0.0001621186735883368,0.0001771920181568261,0.00020363110872846375,0.0002184368633404204,0.00024698386244852334,0.00025451754512228895,0.00020234016084965057
10.0,30.0,12000.0,39,0.00015841297235019233,0.00016241271745388966,0.00017491769160906073,0.00020144204299821155,0.0002167106221107781,0.00024970746379608026,0.00026123976414134967,0.0002021369121571396
12.0,36.0,0.0,39,0.0,0.0,0.0,0.0,0.0,0.0,0.0,0.0
12.0,36.0,500.0,39,0.0001841403866497388,0.00018594671852672113,0.00020827804442329745,0.00023912370837174567,0.00034753074642816394,0.0004563462377539091,0.00047343256980558263,0.00028388022185233265
12.0,36.0,1000.0,39,0.0002319303046874811,0.00023683654823252582,0.0002571020460189844,0.0003096160986549098,0.0004242318420591072,0.0005502324528673558,0.0005595303401832204,0.0003506708717325894
12.0,36.0,1500.0,39,0.000251338396402209,0.0002536612666023261,0.0002823559266814334,0.00033623219655554246,0.00041565605342988815,0.0005205529476027238,0.0005434607667895805,0.0003555415582130849
12.0,36.0,2000.0,39,0.0002487230337012804,0.00025635401693268256,0.000284787984676843,0.0003223249188291064,0.0003833960558908305,0.00045724646394894216,0.0004931052571308368,0.00033835089861854146
12.0,36.0,2500.0,39,0.00023596030334400482,0.00024830263336246945,0.00026759048028212565,0.00030368816746250744,0.00034552509253636183,0.00040086573276127633,0.0004357983027327772,0.00031344521112377626
12.0,36.0,3000.0,39,0.00021414918162065418,0.00023402464645521528,0.0002516669679889595,0.00029021734009338754,0.00030877886705350647,0.00035554058022258797,0.00038716656445437743,0.00028784706083613483
12.0,36.0,3500.0,39,0.00020118841996367686,0.0002115963423432661,0.000242731115361892,0.00027078949950626134,0.000285423548328024,0.0003231479008824905,0.00035059878062332345,0.00026529946990423844
12.0,36.0,4000.0,39,0.00019559914573973364,0.00019963425664132177,0.00022920917255854224,0.00024329915683766085,0.0002654833820154488,0.000300973024655078,0.00032378710740184926,0.0002473622531733804
12.0,36.0,4500.0,39,0.0001874286531457984,0.00019615263526177008,0.00021429869671658566,0.00022915704394101962,0.00025227774405768403,0.000285526134937633,0.0003032136213805966,0.00023408833192864513
12.0,36.0,5000.0,39,0.0001840225968495891,0.00019161688997447777,0.0002086517425267244,0.00021789600785649513,0.0002355301120245046,0.00027352422378112463,0.00029086298619746063,0.00022451605229831354
12.0,36.0,5500.0,39,0.0001814131496106445,0.00018770198986882306,0.00020309669761240984,0.00021089721703212717,0.0002235359297259752,0.0002635370913996827,0.0002806942849220263,0.00021733315797525237
12.0,36.0,6000.0,39,0.00017301569922255529,0.0001857911125054069,0.00019793797189199307,0.0002052938475426332,0.00022252378547960115,0.00025460569821733083,0.00027059134897992844,0.00021163523068462245
12.0,36.0,6500.0,39,0.0001671894030058468,0.0001806468402392704,0.00019309164755987478,0.00020220093309631726,0.00022290198516472244,0.000246182385730463,0.00025989849537833476,0.00020715888899825672
12.0,36.0,7000.0,39,0.00016473906064750845,0.00017761478901111635,0.0001875866868001872,0.00020229065481577012,0.00021448248021996297,0.00023812816161228865,0.0002483803860794001,0.00020396062494958537
12.0,36.0,7500.0,39,0.00016592660463245735,0.00017760094712038172,0.00018758077496896483,0.0002013249314375212,0.00021150951702317218,0.00023673974554698284,0.0002442168884074732,0.0002020176353083137
12.0,36.0,8000.0,39,0.0001686004337742133,0.00017543272460610653,0.0001877771114563567,0.0001975786862843245,0.00021401199330114103,0.00023254926708085133,0.00024666651843944164,0.00020105890704265322
12.0,36.0,8500.0,39,0.00017010081255969505,0.00017669036669118343,0.00018877197172048946,0.00019619251776907927,0.0002129523475364518,0.0002289422579573362,0.00024565141023225365,0.00020063060105910397
12.0,36.0,9000.0,39,0.00017213672811654024,0.0001788303441674354,0.00019083389996938743,0.00019692905584388422,0.0002061456050750619,0.00022924566867609176,0.00024221037208224715,0.0002002564362427229
12.0,36.0,9500.0,39,0.00017362595462254275,0.00017796465518127262,0.00019158270915740322,0.00019656432008239175,0.00020581137273118313,0.00022804618969350996,0.0002377283117614619,0.00019958292706053084
12.0,36.0,10000.0,39,0.00017299338137344295,0.00017961064872736786,0.00018893795847420552,0.00019774842120136828,0.00020392765713985307,0.00022482254307603982,0.00023318349927421627,0.00019844589221316568
12.0,36.0,10500.0,39,0.00016971210734965746,0.0001753054788145624,0.00018412981902733537,0.00019453514094769773,0.00020837397201086102,0.0002200183418898668,0.00022871257066366276,0.00019685765608745437
12.0,36.0,11000.0,39,0.0001676792883516411,0.00017308672209263436,0.00018166863155791584,0.00019398262916747367,0.00020861767938963984,0.00021712456910936908,0.00022368726634876826,0.00019496931643393756
12.0,36.0,11500.0,39,0.00016561089787672933,0.0001700696101630443,0.0001775752671131291,0.00019324640648693314,0.0002075748688393545,0.0002156611513660065,0.00022231025874860284,0.00019303636580381557
12.0,36.0,12000.0,39,0.00016336846576240136,0.00016737688331175377,0.00017495044170303916,0.00019339772415665984,0.00020404109628516874,0.00021764065090332593,0.0002265093574509869,0.0001913676068017013
15.0,40.0,0.0,39,0.0,0.0,0.0,0.0,0.0,0.0,0.0,0.0
15.0,40.0,500.0,39,0.0001708804104681724,0.00018161481803072172,0.00020216389244405095,0.00021629698926245558,0.00032207362004908096,0.0004338846267941275,0.00044681130224652157,0.00027045245665489024
15.0,40.0,1000.0,39,0.00022912344250560003,0.00023314835969226835,0.00024193964131418903,0.0002674213784984529,0.00040707903426477827,0.0005263700090818975,0.0005470215110095448,0.00033523243834408665
15.0,40.0,1500.0,39,0.00023491933207949115,0.0002457368495342794,0.0002615230088310967,0.00028808624112678445,0.0004146555288495733,0.0005247792977241907,0.0005521086788367194,0.0003407149990955677
15.0,40.0,2000.0,39,0.00023267349633328654,0.00023755869058950934,0.00025727761296056445,0.00029345368026096144,0.0003869492259007981,0.00047839749754735285,0.0005107634047386704,0.0003253413970571956
15.0,40.0,2500.0,39,0.00021725257064920096,0.00022514202053524436,0.00025372323473919696,0.00028578644444313584,0.00035235235449863325,0.00042296300169352493,0.0004565344140486747,0.0003034612677913066
15.0,40.0,3000.0,39,0.00020604036494712393,0.00020867547014136902,0.00024175643557708095,0.00027568121841351585,0.0003164079618050052,0.0003720409286448567,0.00040412203751383777,0.0002810522329356442
15.0,40.0,3500.0,39,0.00019512133397849913,0.00020008260009875668,0.00023575982080022495,0.0002606823650254084,0.000289014210129056,0.0003298424227166766,0.00035851966610645885,0.00026182143396275047
15.0,40.0,4000.0,39,0.00018680771205058444,0.00019761288938172477,0.00022509093504101846,0.0002420470341212133,0.00027368453150637857,0.0003046075526346661,0.0003203064479304744,0.0002474042450999434
15.0,40.0,4500.0,39,0.00018655792967981846,0.00019479797174437212,0.00021363862020154834,0.00023244619338938784,0.000256400987425546,0.0002925834141470282,0.00030504267553956715,0.00023738427739460868
15.0,40.0,5000.0,39,0.00017907015404678643,0.0001961040772997442,0.00020714939423027994,0.00023077092068892195,0.0002430319139125009,0.0002885908042611021,0.0003020589988355778,0.0002304055229097749
15.0,40.0,5500.0,39,0.0001746497624287515,0.00018228770837205218,0.00020812262511320332,0.00022818791729165464,0.00023516371852787027,0.0002824500846615408,0.00029720069866624857,0.00022527550246049299
15.0,40.0,6000.0,39,0.00016474073413757273,0.00017487786688396203,0.00020701170350137098,0.0002229238703786554,0.0002355108140878861,0.0002754758844914312,0.0002925740554368472,0.00022137525399807136
15.0,40.0,6500.0,39,0.0001556814263437297,0.000174108193748766,0.00020465981246149358,0.00021830578180709188,0.00023616011234550474,0.00026894435263026333,0.00028818275091957397,0.0002183924741517688
15.0,40.0,7000.0,39,0.00015342253627188482,0.0001694908290117136,0.00020164742555687807,0.00021305781783541,0.00023614407179100894,0.00026164489610274653,0.0002821745074083699,0.00021592484014184977
15.0,40.0,7500.0,39,0.00015517279574350911,0.00016830836225393094,0.0001971110287178118,0.00020983529188823587,0.00023558170720867707,0.00025212718647478705,0.0002725670184976816,0.00021342923005889005
15.0,40.0,8000.0,39,0.00015815120446208277,0.000169109450154086,0.0001938760626104014,0.00020771396879306044,0.00023367550919667417,0.0002456474806282291,0.0002586096005733694,0.00021049695161222537
15.0,40.0,8500.0,39,0.000161760100946101,0.0001707623665567397,0.00018933216868346,0.00020563930702353794,0.00022648137737930256,0.00023919844603997376,0.0002411437453135305,0.000207107782783019
15.0,40.0,9000.0,39,0.0001653652169739939,0.00017260842065329883,0.00018676581250509807,0.00020451924546660577,0.00022018317696993224,0.0002324541048046929,0.0002430513532183024,0.00020361989721607042
15.0,40.0,9500.0,39,0.00016844421940848272,0.0001737595150691681,0.00018714017412945855,0.00019996947392307806,0.00021345967911879778,0.00023141392466490292,0.0002466690994259676,0.00020053404689975395
15.0,40.0,10000.0,39,0.0001703228187913026,0.00017383210176217395,0.0001820430610536217,0.00019572397453074467,0.0002096613711328597,0.0002331792496041986,0.0002493098860862217,0.00019823908420557625
15.0,40.0,10500.0,39,0.00016228679127773264,0.00016968581759081033,0.00018104415725840687,0.00019371827196304595,0.00020822008232845317,0.00023453094996929452,0.000250568943243758,0.00019690572415670786
15.0,40.0,11000.0,39,0.00015407474863012773,0.0001672888511603101,0.00017998018973643874,0.00019204494451067222,0.0002119650031936811,0.00023567496070090043,0.00025023110631253723,0.00019653302592370118
15.0,40.0,11500.0,39,0.00015005782494880443,0.0001642034003431174,0.00017940316255625656,0.00019088444209033157,0.00021775409636016026,0.00023422172377844831,0.0002482721134455288,0.00019703861826014498
15.0,40.0,12000.0,39,0.00014894098992529334,0.00016136711199118408,0.000178913030112901,0.00019209684677597548,0.00022294090283848158,0.00023780582728544184,0.00024482993654274755,0.00019830169860411627
20.0,50.0,0.0,39,0.0,0.0,0.0,0.0,0.0,0.0,0.0,0.0
20.0,50.0,500.0,39,0.00014641463338115765,0.0001630771794183865,0.00020659028313004072,0.0002292863182492376,0.0002714020355964439,0.0003903789192609266,0.0003926541340622002,0.00025256793104755376
20.0,50.0,1000.0,39,0.00017598728164716762,0.00018430355231637764,0.00024828774953794953,0.00027485097099137355,0.0003566418472153966,0.0005034936284349398,0.0005169151668470057,0.00030975085214694846
20.0,50.0,1500.0,39,0.0001994743115866689,0.00020691886934753257,0.0002646962071529888,0.0002794036269936543,0.0003674624562343174,0.000516970944184546,0.0005371523495843173,0.00031903358737194246
20.0,50.0,2000.0,39,0.0002180088458070866,0.00022005902921102147,0.00026200792399651675,0.0002843018845043324,0.0003485783734431667,0.00048760929017300944,0.000513486671865725,0.00030960313164666653
20.0,50.0,2500.0,39,0.0001965420732806623,0.0002252873760107212,0.00025265429044228475,0.00028216972298381044,0.0003228771035768902,0.0004420973251770715,0.00047134671715233555,0.00029196324731818835
20.0,50.0,3000.0,39,0.00018385055531247864,0.00021681051375111774,0.00023469392905463548,0.0002643323787511052,0.0002949658358638215,0.00039284223264831,0.0004231090865464557,0.0002724012400248355
20.0,50.0,3500.0,39,0.00017927021780041178,0.000204787594259809,0.00022687656451540926,0.000251752701980163,0.0002771497529972858,0.0003461267792772649,0.00037599733211305254,0.0002545497159739536
20.0,50.0,4000.0,39,0.00017580137925556825,0.00018782352344299226,0.00021744795061418758,0.00023662261445489107,0.0002649236898524048,0.00030550264380285546,0.0003345367130088011,0.00024003562038586758
20.0,50.0,4500.0,39,0.00017111525820466878,0.00017442443521760293,0.00020220979877673891,0.00023196946650172673,0.0002539068759405168,0.0002817735562339068,0.000301083568260847,0.00022937434995758734
20.0,50.0,5000.0,39,0.00016773511249671476,0.0001692206565375381,0.00019400318387201808,0.0002251821134359955,0.0002478934904565312,0.0002850839866629183,0.0002879388494040866,0.00022237578076648645
20.0,50.0,5500.0,39,0.00016604998238577435,0.00016772339252797637,0.0001862867173518141,0.00022302241508808223,0.00023937511699277566,0.0002836322207201929,0.00029220862541324487,0.00021819199870928542
20.0,50.0,6000.0,39,0.00016205454812105385,0.00016963238099220994,0.00018177070229031826,0.00022166965308449574,0.00023678782831757596,0.00027979949008143643,0.0002931060355267752,0.0002156879363008799
20.0,50.0,6500.0,39,0.00015848668591337143,0.00016595627343016364,0.00018705804570060626,0.00021659054427429906,0.0002370735272577771,0.00027468232479131325,0.00029080154621711763,0.00021396334538718517
20.0,50.0,7000.0,39,0.00015602942288116758,0.00016004559733736066,0.00019222657973657432,0.00021432559232398285,0.00023244552950153354,0.0002679242182052821,0.000285710334505662,0.00021254900303241931
20.0,50.0,7500.0,39,0.00015539872604078381,0.00015784749690589273,0.0001932979117197565,0.00021061909962538669,0.00022571811778763378,0.0002574927902945082,0.00027820506099691115,0.00021129678622970453
20.0,50.0,8000.0,39,0.00015335544677387168,0.00015956966038351556,0.00019516483514399628,0.00020802991073856926,0.00022710822412857465,0.0002539430616739361,0.0002686557106483051,0.00021020623317487332
20.0,50.0,8500.0,39,0.0001545705361607132,0.0001628162817027007,0.00019284221878212722,0.00020708618361836996,0.00022969628047511301,0.0002527501145861065,0.0002575238857211192,0.00020931019912096997
20.0,50.0,9000.0,39,0.00015861005407181368,0.00016749299140132975,0.00018890006938688262,0.00020613673658192015,0.0002280307456635693,0.00024621379026934146,0.00025357642352343305,0.00020861400650140042
20.0,50.0,9500.0,39,0.0001646123090665218,0.0001718436940324001,0.000190579924058542,0.0002075428047917367,0.0002244857539202008,0.0002453362755088431,0.00025445844304682687,0.00020806365884218733
20.0,50.0,10000.0,39,0.0001702207975054963,0.00017171489352150896,0.00018948204776634054,0.00020727854720090742,0.00022074421938417428,0.0002450384109534369,0.00025568931488938494,0.00020755859007295292
20.0,50.0,10500.0,39,0.00016648607370691015,0.00017536534228185257,0.00018768646431666463,0.00020618724197957446,0.0002265929650596654,0.00024579014423804985,0.0002574750113137826,0.00020701830157013665
20.0,50.0,11000.0,39,0.00016349067091425855,0.00017606878065383285,0.00018587701650669763,0.00020356013668651972,0.00022544387723191697,0.0002477990230330966,0.0002598791056659967,0.0002064615525960771
20.0,50.0,11500.0,39,0.000161904481817948,0.00017392142496077022,0.000189779183946008,0.00020059871781490825,0.00022380147756342601,0.0002510146183095496,0.00026285139606595703,0.0002060372453608348
20.0,50.0,12000.0,39,0.0001619935908567522,0.00017208952947000793,0.00018551025626826443,0.00020203782274938963,0.00022144195454611143,0.00025518272843139166,0.0002662520307685771,0.00020597520306832185
25.0,60.0,0.0,39,0.0,0.0,0.0,0.0,0.0,0.0,0.0,0.0
25.0,60.0,500.0,39,0.00015504187149309296,0.00017212825594636785,0.0002026557279266573,0.00021851582398716308,0.0002582602367467667,0.00036730249483679796,0.00036820169230341194,0.00024141079611601502
25.0,60.0,1000.0,39,0.00017936967479354536,0.0001834166456552632,0.0002326917244813325,0.0002608485799252183,0.000323786733725061,0.0004661781197644811,0.0004932030940676739,0.00029268007063766355
25.0,60.0,1500.0,39,0.00019620594642746913,0.00020484228911303904,0.00024676157075332304,0.0002780005821070135,0.0003344197467661812,0.0004838722646234919,0.0005224222769565851,0.0003038987570213826
25.0,60.0,2000.0,39,0.00021906532970534598,0.0002243702134965243,0.0002566292501752117,0.0002819114753592796,0.0003294310715057007,0.00046648290886577,0.00051103308090329,0.000302291773984009
25.0,60.0,2500.0,39,0.00020309738823947462,0.0002315509101999253,0.00025558762605799553,0.00027318126265679963,0.0003158711926604218,0.00043555169334541147,0.00048095879234467167,0.0002932979473994901
25.0,60.0,3000.0,39,0.0001832548462869822,0.00022047789182009258,0.00024972526219628016,0.0002597454927615909,0.00030518486324488097,0.00039952670666611287,0.0004422027999626284,0.00027978600778852435
25.0,60.0,3500.0,39,0.0001744091387534226,0.00021257838211599452,0.0002403136316966994,0.00025212672866942485,0.00029500767332545747,0.00036410188035532117,0.00040093020068762177,0.00026531404388257406
25.0,60.0,4000.0,39,0.0001792972708092225,0.0002053989168252935,0.00023131365879585855,0.00024156139338306646,0.0002783475560054566,0.0003338087810164432,0.00036165318102455155,0.00025278225442317627
25.0,60.0,4500.0,39,0.00019127242510590407,0.00020092804557128474,0.00022376622827367993,0.0002319885181226187,0.00026314479848547586,0.0003075311486893661,0.00032743000096368294,0.00024302262372444475
25.0,60.0,5000.0,39,0.0001837151839179521,0.0001899793110227674,0.0002164914502257914,0.00022888435670338753,0.00025494264053190055,0.00028728279233576306,0.00029975092773603014,0.00023555373496590134
25.0,60.0,5500.0,39,0.00017021634770577864,0.00017832657686813198,0.0002136165260674016,0.00022587128664769182,0.0002481002531597269,0.000278012144675678,0.0002801986494678499,0.00022985283639709983
25.0,60.0,6000.0,39,0.00016259690876822412,0.00017191067225281112,0.00021310258412319283,0.00022238651921499897,0.00023984850947603604,0.0002641996019116127,0.0002764136209488002,0.00022566627891579358
25.0,60.0,6500.0,39,0.00016038454321418093,0.00017007484900301203,0.0002127133456652828,0.00022436843987319661,0.0002353984596781098,0.0002583282822450493,0.0002756252520691872,0.00022282475938539893
25.0,60.0,7000.0,39,0.00016015082815990935,0.0001713928385539986,0.00021088216988024455,0.0002231991663859662,0.0002375338252657792,0.0002550250231821712,0.0002746292788620364,0.0002211308146594662
25.0,60.0,7500.0,39,0.00015967082883594727,0.00017487411108365385,0.00020401646447509863,0.00022220556572203452,0.0002368126261506682,0.00025680706858302425,0.0002727349004047536,0.00022032312587783355
25.0,60.0,8000.0,39,0.00016324350532507823,0.00017991584145338326,0.0002012896766339571,0.00021902571625983497,0.00023662504618192682,0.0002631692838667064,0.00026953808235226183,0.0002200348741986871
25.0,60.0,8500.0,39,0.0001707141125130917,0.00018062459295180977,0.00020193510714030274,0.00021996304808668057,0.00023736866337884657,0.00026374232151160767,0.00026730932462260205,0.00021981415322176013
25.0,60.0,9000.0,39,0.00017350147720910687,0.00018050195496723334,0.0002033180837366553,0.00021983224736988932,0.00023653539096657613,0.000261020854178341,0.00026574091403897644,0.00021927072839122064
25.0,60.0,9500.0,39,0.0001680355387868767,0.00017743933808049258,0.0002066218224476228,0.0002163763936439516,0.00023367172022775636,0.00025917933523684106,0.0002605172550589056,0.00021824466046139774
25.0,60.0,10000.0,39,0.00016659374313371438,0.0001735901698398923,0.00020595098862686827,0.00021736849499868498,0.00023050251988696957,0.0002533816738674938,0.00025719605756701583,0.0002168328231400376
25.0,60.0,10500.0,39,0.0001686985744866461,0.0001724308166016298,0.00020384476916763145,0.00021670151756979336,0.00022678722866970272,0.0002460728001236494,0.0002551006824155527,0.00021525216122921605
25.0,60.0,11000.0,39,0.00017289827029311712,0.00017759940556559718,0.00020524035074840036,0.0002145262499897589,0.00022593327770271084,0.00024020201848499176,0.0002528723805666552,0.0002136764562260941
25.0,60.0,11500.0,39,0.00017859877516376944,0.00018434300813687538,0.00020427982780777445,0.0002126865716787812,0.000223263553045009,0.00023643130823364661,0.0002505370564073344,0.00021218786817192275
25.0,60.0,12000.0,39,0.0001801805565899114,0.00018446356608174655,0.00020211297288222048,0.00021062426790365572,0.00022415744357193347,0.00023448046642554485,0.0002480946319132259,0.00021084092351137833
30.0,80.0,0.0,39,0.0,0.0,0.0,0.0,0.0,0.0,0.0,0.0
30.0,80.0,500.0,39,0.0001478061746911328,0.0001599127327227103,0.00018763066544543594,0.0002146635608322299,0.00022580197577122066,0.0003020785848036797,0.00031032787924744937,0.00021631512884478553
30.0,80.0,1000.0,39,0.00017348478391305766,0.00018124874609227236,0.00022167892803507907,0.00025103444191972577,0.00027888353841792115,0.0004019202857074779,0.00041975416023530077,0.0002589774490508907
30.0,80.0,1500.0,39,0.00018857088977689753,0.0001951296648154728,0.00022556714453496614,0.0002599486416425596,0.00028507601392248685,0.0004191417105921708,0.0004465057420883441,0.00026735883942276804
30.0,80.0,2000.0,39,0.0001984891088789357,0.00020510433619735127,0.0002328932888331743,0.0002552941346514681,0.0002817687554215948,0.0004093556685245655,0.0004410472294472455,0.000267428697959461
30.0,80.0,2500.0,39,0.000200956152485085,0.0002048848350711756,0.00022847412582891884,0.00024858588269505003,0.00028218091514181447,0.0003925282697675906,0.0004242370647412473,0.0002635371644982743
30.0,80.0,3000.0,39,0.00020062987179578389,0.00020885022185390917,0.00022394237178626007,0.0002456670985636711,0.0002779768393615026,0.0003748791937673891,0.000404545565012961,0.0002579715149452896
30.0,80.0,3500.0,39,0.00020487328062888295,0.0002066822344047643,0.00021830208064093322,0.000241491694300606,0.000269754280031419,0.0003580692070163575,0.0003855482610887649,0.0002525227619742589
30.0,80.0,4000.0,39,0.0001924351810771364,0.0002040221804315309,0.00021918992760368744,0.00023827008152787593,0.00025905021356302245,0.00034260278850138334,0.00036869345398356896,0.00024825198071437685
30.0,80.0,4500.0,39,0.00019503989207955846,0.00020068312136392399,0.00021937985533180906,0.00023658212053105377,0.0002535344935216435,0.00032874746236405427,0.00035425748521767986,0.0002452953388260255
30.0,80.0,5000.0,39,0.00019592799442653473,0.0002056165724976891,0.00021841587488522437,0.00023619333368184156,0.0002568284683458345,0.00031668549812207823,0.00034182905733217225,0.0002431318624427857
30.0,80.0,5500.0,39,0.00019787474528472847,0.00020992602474913298,0.00021880019411531026,0.00023173843142122277,0.000253207813271363,0.0003064662729397772,0.00033071168214235933,0.00024119973410679208
30.0,80.0,6000.0,39,0.00020223391321253975,0.0002063021230461013,0.0002203037352047709,0.0002263678253943159,0.00024768985764912684,0.0002979362240558538,0.0003202526712987857,0.00023921693157443047
30.0,80.0,6500.0,39,0.00020186713274019733,0.0002037855952476165,0.0002157200940961384,0.00022969365193867215,0.0002517035765689893,0.00029073966862214407,0.0003100373054784345,0.00023707827283863295
30.0,80.0,7000.0,39,0.00019402238974562815,0.0002021460667793553,0.00021308469168147457,0.00023320525483795402,0.00024795435807601084,0.00028441245759715467,0.0002999353768520346,0.00023472610256969692
30.0,80.0,7500.0,39,0.0001864217190158197,0.00019332543614806723,0.0002093230766805233,0.00023459265117978896,0.00024788939262117597,0.0002785190522748165,0.0002900424485057123,0.0002321844680314616
30.0,80.0,8000.0,39,0.00018165720799116465,0.00018586663839862398,0.00020972598828860375,0.00023381958145555568,0.00024537910235608465,0.00027276311020770237,0.00028057906342107876,0.00022961230562029285
30.0,80.0,8500.0,39,0.00017501136870261424,0.0001826806185768837,0.00020983722361255522,0.00023308931144168016,0.00024368985771333027,0.0002669789722101902,0.0002736491137241818,0.0002272276889963267
30.0,80.0,9000.0,39,0.00016917895771059008,0.0001833138915190385,0.00020855839463276783,0.0002247961026719293,0.00024192286057150223,0.00026444484182681005,0.00026984215414677847,0.00022514675184733115
30.0,80.0,9500.0,39,0.00016516173240693492,0.00018544030078953454,0.00020700185011925934,0.00022113783978085734,0.00024045257045984402,0.0002608895668082836,0.0002712690195069764,0.00022329533751819507
30.0,80.0,10000.0,39,0.00016269180544696947,0.00018977183587534822,0.00020536535171174441,0.0002191531466200764,0.0002381618849377397,0.0002640847028031294,0.00027106566241964807,0.00022148044200299874
30.0,80.0,10500.0,39,0.00016121259799004725,0.00019071136295958956,0.0002006629093744123,0.00021652072226510595,0.00023429646165465723,0.000262780152273992,0.00026931396917866124,0.00021955379640513923
30.0,80.0,11000.0,39,0.000160058739957463,0.00018360854968519697,0.00019980579892307722,0.00021524688257942482,0.00023291785843334095,0.0002655636755033817,0.0002665438889658267,0.0002175315153026384
30.0,80.0,11500.0,39,0.0001586381668612031,0.00017884792693597512,0.00019622940198099793,0.00021330938664298427,0.00023267632085258294,0.00026470859906001,0.00026689315228136735,0.00021558788179862115
30.0,80.0,12000.0,39,0.00015656398232315245,0.0001757940198584152,0.00019042920540762325,0.0002114935006432953,0.00023365420657947789,0.0002611081961903921,0.00026603830075739714,0.00021394522654737217
