node_row,canonical_node,rho,V,k_io,column,delta_ms,Delta_ms,b_s_mm2,gradient_T_m,regime,parameter,variance_bound,reason,used_dw_columns,added_column_used,sd_ratio_marginal_fixed
3792,"[21, 41, 20]",100000.0,6.2962652107424715,20.0,23076,20.0,50.0,500.0,0.020076320975589118,fixed,log_rho,0.19300416695774428,ok,9,True,1.0679575454582753
3792,"[21, 41, 20]",100000.0,6.2962652107424715,20.0,23076,20.0,50.0,500.0,0.020076320975589118,fixed,log_V,0.25503433516167356,ok,9,True,1.0000249142695947
3792,"[21, 41, 20]",100000.0,6.2962652107424715,20.0,23076,20.0,50.0,500.0,0.020076320975589118,fixed,k_io,221.01137140504656,ok,9,True,1.0493930836596121
3792,"[21, 41, 20]",100000.0,6.2962652107424715,20.0,23076,20.0,50.0,500.0,0.020076320975589118,marginal,log_rho,0.22012768310208974,ok,9,True,1.0679575454582753
3792,"[21, 41, 20]",100000.0,6.2962652107424715,20.0,23076,20.0,50.0,500.0,0.020076320975589118,marginal,log_V,0.25504704330834294,ok,9,True,1.0000249142695947
3792,"[21, 41, 20]",100000.0,6.2962652107424715,20.0,23076,20.0,50.0,500.0,0.020076320975589118,marginal,k_io,243.38343401633142,ok,9,True,1.0493930836596121
3792,"[21, 41, 20]",100000.0,6.2962652107424715,20.0,23077,20.0,50.0,1000.0,0.028392205406233575,fixed,log_rho,0.1882178256038221,ok,9,True,1.0740208452719069
3792,"[21, 41, 20]",100000.0,6.2962652107424715,20.0,23077,20.0,50.0,1000.0,0.028392205406233575,fixed,log_V,0.28656399172294705,ok,9,True,1.0001625475615703
3792,"[21, 41, 20]",100000.0,6.2962652107424715,20.0,23077,20.0,50.0,1000.0,0.028392205406233575,fixed,k_io,221.37457730850988,ok,9,True,1.0536190677373363
3792,"[21, 41, 20]",100000.0,6.2962652107424715,20.0,23077,20.0,50.0,1000.0,0.028392205406233575,marginal,log_rho,0.21711317226234395,ok,9,True,1.0740208452719069
3792,"[21, 41, 20]",100000.0,6.2962652107424715,20.0,23077,20.0,50.0,1000.0,0.028392205406233575,marginal,log_V,0.28665715985063456,ok,9,True,1.0001625475615703
3792,"[21, 41, 20]",100000.0,6.2962652107424715,20.0,23077,20.0,50.0,1000.0,0.028392205406233575,marginal,k_io,245.75082710991734,ok,9,True,1.0536190677373363
3792,"[21, 41, 20]",100000.0,6.2962652107424715,20.0,23078,20.0,50.0,1500.0,0.03477320795878112,fixed,log_rho,0.1853989293368223,ok,9,True,1.0716583739159125
3792,"[21, 41, 20]",100000.0,6.2962652107424715,20.0,23078,20.0,50.0,1500.0,0.03477320795878112,fixed,log_V,0.29812521420809013,ok,9,True,1.0000051412270625
3792,"[21, 41, 20]",100000.0,6.2962652107424715,20.0,23078,20.0,50.0,1500.0,0.03477320795878112,fixed,k_io,194.92806662634703,ok,9,True,1.058022089838285
3792,"[21, 41, 20]",100000.0,6.2962652107424715,20.0,23078,20.0,50.0,1500.0,0.03477320795878112,marginal,log_rho,0.21292171008429686,ok,9,True,1.0716583739159125
3792,"[21, 41, 20]",100000.0,6.2962652107424715,20.0,23078,20.0,50.0,1500.0,0.03477320795878112,marginal,log_V,0.2981282796748089,ok,9,True,1.0000051412270625
3792,"[21, 41, 20]",100000.0,6.2962652107424715,20.0,23078,20.0,50.0,1500.0,0.03477320795878112,marginal,k_io,218.204571813008,ok,9,True,1.058022089838285
3792,"[21, 41, 20]",100000.0,6.2962652107424715,20.0,23079,20.0,50.0,2000.0,0.040152641951178236,fixed,log_rho,0.18649504212326404,ok,9,True,1.067518083196064
3792,"[21, 41, 20]",100000.0,6.2962652107424715,20.0,23079,20.0,50.0,2000.0,0.040152641951178236,fixed,log_V,0.29191994107550245,ok,9,True,1.000045428994437
3792,"[21, 41, 20]",100000.0,6.2962652107424715,20.0,23079,20.0,50.0,2000.0,0.040152641951178236,fixed,k_io,182.65146256092297,ok,9,True,1.0538040362580403
3792,"[21, 41, 20]",100000.0,6.2962652107424715,20.0,23079,20.0,50.0,2000.0,0.040152641951178236,marginal,log_rho,0.21252879103695196,ok,9,True,1.067518083196064
3792,"[21, 41, 20]",100000.0,6.2962652107424715,20.0,23079,20.0,50.0,2000.0,0.040152641951178236,marginal,log_V,0.29194646493672316,ok,9,True,1.000045428994437
3792,"[21, 41, 20]",100000.0,6.2962652107424715,20.0,23079,20.0,50.0,2000.0,0.040152641951178236,marginal,k_io,202.83498741739697,ok,9,True,1.0538040362580403
3792,"[21, 41, 20]",100000.0,6.2962652107424715,20.0,23080,20.0,50.0,2500.0,0.04489201843952216,fixed,log_rho,0.18835295497413215,ok,9,True,1.0655502777468484
3792,"[21, 41, 20]",100000.0,6.2962652107424715,20.0,23080,20.0,50.0,2500.0,0.04489201843952216,fixed,log_V,0.285773424798274,ok,9,True,1.0001453675707084
3792,"[21, 41, 20]",100000.0,6.2962652107424715,20.0,23080,20.0,50.0,2500.0,0.04489201843952216,fixed,k_io,183.1465457953211,ok,9,True,1.049754725878249
3792,"[21, 41, 20]",100000.0,6.2962652107424715,20.0,23080,20.0,50.0,2500.0,0.04489201843952216,marginal,log_rho,0.21385545430637298,ok,9,True,1.0655502777468484
3792,"[21, 41, 20]",100000.0,6.2962652107424715,20.0,23080,20.0,50.0,2500.0,0.04489201843952216,marginal,log_V,0.28585651521423294,ok,9,True,1.0001453675707084
3792,"[21, 41, 20]",100000.0,6.2962652107424715,20.0,23080,20.0,50.0,2500.0,0.04489201843952216,marginal,k_io,201.82474343016634,ok,9,True,1.049754725878249
3792,"[21, 41, 20]",100000.0,6.2962652107424715,20.0,23081,20.0,50.0,3000.0,0.049176742302528303,fixed,log_rho,0.18995884661535073,ok,9,True,1.0650914730690395
3792,"[21, 41, 20]",100000.0,6.2962652107424715,20.0,23081,20.0,50.0,3000.0,0.049176742302528303,fixed,log_V,0.28281400348039853,ok,9,True,1.000208543510497
3792,"[21, 41, 20]",100000.0,6.2962652107424715,20.0,23081,20.0,50.0,3000.0,0.049176742302528303,fixed,k_io,188.95238934090247,ok,9,True,1.047644184408214
3792,"[21, 41, 20]",100000.0,6.2962652107424715,20.0,23081,20.0,50.0,3000.0,0.049176742302528303,marginal,log_rho,0.21549308552455512,ok,9,True,1.0650914730690395
3792,"[21, 41, 20]",100000.0,6.2962652107424715,20.0,23081,20.0,50.0,3000.0,0.049176742302528303,marginal,log_V,0.2829319738302985,ok,9,True,1.000208543510497
3792,"[21, 41, 20]",100000.0,6.2962652107424715,20.0,23081,20.0,50.0,3000.0,0.049176742302528303,marginal,k_io,207.386270240674,ok,9,True,1.047644184408214
3792,"[21, 41, 20]",100000.0,6.2962652107424715,20.0,23082,20.0,50.0,3500.0,0.05311695254251844,fixed,log_rho,0.19121388399452624,ok,9,True,1.0653615075338052
3792,"[21, 41, 20]",100000.0,6.2962652107424715,20.0,23082,20.0,50.0,3500.0,0.05311695254251844,fixed,log_V,0.28238036993889276,ok,9,True,1.000207271969869
3792,"[21, 41, 20]",100000.0,6.2962652107424715,20.0,23082,20.0,50.0,3500.0,0.05311695254251844,fixed,k_io,196.32783136819017,ok,9,True,1.046924511784229
3792,"[21, 41, 20]",100000.0,6.2962652107424715,20.0,23082,20.0,50.0,3500.0,0.05311695254251844,marginal,log_rho,0.21702682936601017,ok,9,True,1.0653615075338052
3792,"[21, 41, 20]",100000.0,6.2962652107424715,20.0,23082,20.0,50.0,3500.0,0.05311695254251844,marginal,log_V,0.28249744114148395,ok,9,True,1.000207271969869
3792,"[21, 41, 20]",100000.0,6.2962652107424715,20.0,23082,20.0,50.0,3500.0,0.05311695254251844,marginal,k_io,215.185302818525,ok,9,True,1.046924511784229
3792,"[21, 41, 20]",100000.0,6.2962652107424715,20.0,23083,20.0,50.0,4000.0,0.05678441081246715,fixed,log_rho,0.1921634803539683,ok,9,True,1.0659046343289498
3792,"[21, 41, 20]",100000.0,6.2962652107424715,20.0,23083,20.0,50.0,4000.0,0.05678441081246715,fixed,log_V,0.2834666663008447,ok,9,True,1.0001685334685029
3792,"[21, 41, 20]",100000.0,6.2962652107424715,20.0,23083,20.0,50.0,4000.0,0.05678441081246715,fixed,k_io,203.57488012222205,ok,9,True,1.0469500879337699
3792,"[21, 41, 20]",100000.0,6.2962652107424715,20.0,23083,20.0,50.0,4000.0,0.05678441081246715,marginal,log_rho,0.21832705502475383,ok,9,True,1.0659046343289498
3792,"[21, 41, 20]",100000.0,6.2962652107424715,20.0,23083,20.0,50.0,4000.0,0.05678441081246715,marginal,log_V,0.2835622215932519,ok,9,True,1.0001685334685029
3792,"[21, 41, 20]",100000.0,6.2962652107424715,20.0,23083,20.0,50.0,4000.0,0.05678441081246715,marginal,k_io,223.13933946601813,ok,9,True,1.0469500879337699
3792,"[21, 41, 20]",100000.0,6.2962652107424715,20.0,23084,20.0,50.0,4500.0,0.06022896292676735,fixed,log_rho,0.19283844764325223,ok,9,True,1.0664756606735961
3792,"[21, 41, 20]",100000.0,6.2962652107424715,20.0,23084,20.0,50.0,4500.0,0.06022896292676735,fixed,log_V,0.2852980560886972,ok,9,True,1.0001211507656065
3792,"[21, 41, 20]",100000.0,6.2962652107424715,20.0,23084,20.0,50.0,4500.0,0.06022896292676735,fixed,k_io,209.90855254416755,ok,9,True,1.0472885464277593
3792,"[21, 41, 20]",100000.0,6.2962652107424715,20.0,23084,20.0,50.0,4500.0,0.06022896292676735,marginal,log_rho,0.219328729760089,ok,9,True,1.0664756606735961
3792,"[21, 41, 20]",100000.0,6.2962652107424715,20.0,23084,20.0,50.0,4500.0,0.06022896292676735,marginal,log_V,0.2853671884320041,ok,9,True,1.0001211507656065
3792,"[21, 41, 20]",100000.0,6.2962652107424715,20.0,23084,20.0,50.0,4500.0,0.06022896292676735,marginal,k_io,230.23049210478095,ok,9,True,1.0472885464277593
3792,"[21, 41, 20]",100000.0,6.2962652107424715,20.0,23085,20.0,50.0,5000.0,0.0634869013194753,fixed,log_rho,0.19326863428011426,ok,9,True,1.0669562454187282
3792,"[21, 41, 20]",100000.0,6.2962652107424715,20.0,23085,20.0,50.0,5000.0,0.0634869013194753,fixed,log_V,0.2873743430568522,ok,9,True,1.0000805243233764
3792,"[21, 41, 20]",100000.0,6.2962652107424715,20.0,23085,20.0,50.0,5000.0,0.0634869013194753,fixed,k_io,215.02167568433205,ok,9,True,1.0476939410978996
3792,"[21, 41, 20]",100000.0,6.2962652107424715,20.0,23085,20.0,50.0,5000.0,0.0634869013194753,marginal,log_rho,0.2200161686105927,ok,9,True,1.0669562454187282
3792,"[21, 41, 20]",100000.0,6.2962652107424715,20.0,23085,20.0,50.0,5000.0,0.0634869013194753,marginal,log_V,0.28742062616929615,ok,9,True,1.0000805243233764
3792,"[21, 41, 20]",100000.0,6.2962652107424715,20.0,23085,20.0,50.0,5000.0,0.0634869013194753,marginal,k_io,236.0212503437438,ok,9,True,1.0476939410978996
3792,"[21, 41, 20]",100000.0,6.2962652107424715,20.0,23086,20.0,50.0,5500.0,0.06658562384677097,fixed,log_rho,0.19350246491746337,ok,9,True,1.0673073458197577
3792,"[21, 41, 20]",100000.0,6.2962652107424715,20.0,23086,20.0,50.0,5500.0,0.06658562384677097,fixed,log_V,0.2894020000533667,ok,9,True,1.0000511652239503
3792,"[21, 41, 20]",100000.0,6.2962652107424715,20.0,23086,20.0,50.0,5500.0,0.06658562384677097,fixed,k_io,218.89970921779553,ok,9,True,1.0480482947105438
3792,"[21, 41, 20]",100000.0,6.2962652107424715,20.0,23086,20.0,50.0,5500.0,0.06658562384677097,marginal,log_rho,0.2204273596786288,ok,9,True,1.0673073458197577
3792,"[21, 41, 20]",100000.0,6.2962652107424715,20.0,23086,20.0,50.0,5500.0,0.06658562384677097,marginal,log_V,0.28943161544727525,ok,9,True,1.0000511652239503
3792,"[21, 41, 20]",100000.0,6.2962652107424715,20.0,23086,20.0,50.0,5500.0,0.06658562384677097,marginal,k_io,240.44058502250547,ok,9,True,1.0480482947105438
3792,"[21, 41, 20]",100000.0,6.2962652107424715,20.0,23087,20.0,50.0,6000.0,0.06954641591756223,fixed,log_rho,0.1935988203089583,ok,9,True,1.067535778247967
3792,"[21, 41, 20]",100000.0,6.2962652107424715,20.0,23087,20.0,50.0,6000.0,0.06954641591756223,fixed,log_V,0.2912178059462656,ok,9,True,1.000032040593051
3792,"[21, 41, 20]",100000.0,6.2962652107424715,20.0,23087,20.0,50.0,6000.0,0.06954641591756223,fixed,k_io,221.69624579218453,ok,9,True,1.0483117569017057
3792,"[21, 41, 20]",100000.0,6.2962652107424715,20.0,23087,20.0,50.0,6000.0,0.06954641591756223,marginal,log_rho,0.22063153427131213,ok,9,True,1.067535778247967
3792,"[21, 41, 20]",100000.0,6.2962652107424715,20.0,23087,20.0,50.0,6000.0,0.06954641591756223,marginal,log_V,0.2912364678276487,ok,9,True,1.000032040593051
3792,"[21, 41, 20]",100000.0,6.2962652107424715,20.0,23087,20.0,50.0,6000.0,0.06954641591756223,marginal,k_io,243.63476082726993,ok,9,True,1.0483117569017057
3792,"[21, 41, 20]",100000.0,6.2962652107424715,20.0,23088,20.0,50.0,6500.0,0.07238620470015979,fixed,log_rho,0.19360942908464687,ok,9,True,1.0676683015293338
3792,"[21, 41, 20]",100000.0,6.2962652107424715,20.0,23088,20.0,50.0,6500.0,0.07238620470015979,fixed,log_V,0.29274204328091996,ok,9,True,1.0000203507933192
3792,"[21, 41, 20]",100000.0,6.2962652107424715,20.0,23088,20.0,50.0,6500.0,0.07238620470015979,fixed,k_io,223.6320256988634,ok,9,True,1.0484854485343567
3792,"[21, 41, 20]",100000.0,6.2962652107424715,20.0,23088,20.0,50.0,6500.0,0.07238620470015979,marginal,log_rho,0.22069840892542947,ok,9,True,1.0676683015293338
3792,"[21, 41, 20]",100000.0,6.2962652107424715,20.0,23088,20.0,50.0,6500.0,0.07238620470015979,marginal,log_V,0.2927539584677977,ok,9,True,1.0000203507933192
3792,"[21, 41, 20]",100000.0,6.2962652107424715,20.0,23088,20.0,50.0,6500.0,0.07238620470015979,marginal,k_io,245.84354666912625,ok,9,True,1.0484854485343567
3792,"[21, 41, 20]",100000.0,6.2962652107424715,20.0,23089,20.0,50.0,7000.0,0.07511871467755764,fixed,log_rho,0.1935697742246684,ok,9,True,1.06773421157265
3792,"[21, 41, 20]",100000.0,6.2962652107424715,20.0,23089,20.0,50.0,7000.0,0.07511871467755764,fixed,log_V,0.29395728264316917,ok,9,True,1.0000134201666464
3792,"[21, 41, 20]",100000.0,6.2962652107424715,20.0,23089,20.0,50.0,7000.0,0.07511871467755764,fixed,k_io,224.92622514094555,ok,9,True,1.0485869749965244
3792,"[21, 41, 20]",100000.0,6.2962652107424715,20.0,23089,20.0,50.0,7000.0,0.07511871467755764,marginal,log_rho,0.22068044960753605,ok,9,True,1.06773421157265
3792,"[21, 41, 20]",100000.0,6.2962652107424715,20.0,23089,20.0,50.0,7000.0,0.07511871467755764,marginal,log_V,0.2939651726075511,ok,9,True,1.0000134201666464
3792,"[21, 41, 20]",100000.0,6.2962652107424715,20.0,23089,20.0,50.0,7000.0,0.07511871467755764,marginal,k_io,247.314176916385,ok,9,True,1.0485869749965244
3792,"[21, 41, 20]",100000.0,6.2962652107424715,20.0,23090,20.0,50.0,7500.0,0.07775525679157129,fixed,log_rho,0.19350022106530215,ok,9,True,1.0677566194941976
3792,"[21, 41, 20]",100000.0,6.2962652107424715,20.0,23090,20.0,50.0,7500.0,0.07775525679157129,fixed,log_V,0.29489311667495377,ok,9,True,1.000009314982851
3792,"[21, 41, 20]",100000.0,6.2962652107424715,20.0,23090,20.0,50.0,7500.0,0.07775525679157129,fixed,k_io,225.76107067646785,ok,9,True,1.0486364252536218
3792,"[21, 41, 20]",100000.0,6.2962652107424715,20.0,23090,20.0,50.0,7500.0,0.07775525679157129,marginal,log_rho,0.22061041444213558,ok,9,True,1.0677566194941976
3792,"[21, 41, 20]",100000.0,6.2962652107424715,20.0,23090,20.0,50.0,7500.0,0.07775525679157129,marginal,log_V,0.2948986105491908,ok,9,True,1.000009314982851
3792,"[21, 41, 20]",100000.0,6.2962652107424715,20.0,23090,20.0,50.0,7500.0,0.07775525679157129,marginal,k_io,248.25553178766359,ok,9,True,1.0486364252536218
3792,"[21, 41, 20]",100000.0,6.2962652107424715,20.0,23091,20.0,50.0,8000.0,0.08030528390235647,fixed,log_rho,0.1934118405477078,ok,9,True,1.0677504523780996
3792,"[21, 41, 20]",100000.0,6.2962652107424715,20.0,23091,20.0,50.0,8000.0,0.08030528390235647,fixed,log_V,0.2956065290791691,ok,9,True,1.0000068319715945
3792,"[21, 41, 20]",100000.0,6.2962652107424715,20.0,23091,20.0,50.0,8000.0,0.08030528390235647,fixed,k_io,226.27159852791823,ok,9,True,1.0486500344532905
3792,"[21, 41, 20]",100000.0,6.2962652107424715,20.0,23091,20.0,50.0,8000.0,0.08030528390235647,marginal,log_rho,0.22050710422448813,ok,9,True,1.0677504523780996
3792,"[21, 41, 20]",100000.0,6.2962652107424715,20.0,23091,20.0,50.0,8000.0,0.08030528390235647,marginal,log_V,0.29561056824378645,ok,9,True,1.0000068319715945
3792,"[21, 41, 20]",100000.0,6.2962652107424715,20.0,23091,20.0,50.0,8000.0,0.08030528390235647,marginal,k_io,248.8233861253255,ok,9,True,1.0486500344532905
3792,"[21, 41, 20]",100000.0,6.2962652107424715,20.0,23092,20.0,50.0,8500.0,0.08277679195615732,fixed,log_rho,0.19331302287500354,ok,9,True,1.0677246226888373
3792,"[21, 41, 20]",100000.0,6.2962652107424715,20.0,23092,20.0,50.0,8500.0,0.08277679195615732,fixed,log_V,0.2961606838557285,ok,9,True,1.0000052900535463
3792,"[21, 41, 20]",100000.0,6.2962652107424715,20.0,23092,20.0,50.0,8500.0,0.08277679195615732,fixed,k_io,226.55233477699016,ok,9,True,1.0486392086487986
3792,"[21, 41, 20]",100000.0,6.2962652107424715,20.0,23092,20.0,50.0,8500.0,0.08277679195615732,marginal,log_rho,0.22038378019553387,ok,9,True,1.0677246226888373
3792,"[21, 41, 20]",100000.0,6.2962652107424715,20.0,23092,20.0,50.0,8500.0,0.08277679195615732,marginal,log_V,0.2961638172757683,ok,9,True,1.0000052900535463
3792,"[21, 41, 20]",100000.0,6.2962652107424715,20.0,23092,20.0,50.0,8500.0,0.08277679195615732,marginal,k_io,249.12695864932633,ok,9,True,1.0486392086487986
3792,"[21, 41, 20]",100000.0,6.2962652107424715,20.0,23093,20.0,50.0,9000.0,0.08517661621870072,fixed,log_rho,0.19321451770768064,ok,9,True,1.067685725775283
3792,"[21, 41, 20]",100000.0,6.2962652107424715,20.0,23093,20.0,50.0,9000.0,0.08517661621870072,fixed,log_V,0.29660841746936645,ok,9,True,1.000004327663804
3792,"[21, 41, 20]",100000.0,6.2962652107424715,20.0,23093,20.0,50.0,9000.0,0.08517661621870072,fixed,k_io,226.6720766384361,ok,9,True,1.0486124560772716
3792,"[21, 41, 20]",100000.0,6.2962652107424715,20.0,23093,20.0,50.0,9000.0,0.08517661621870072,marginal,log_rho,0.22025543220514449,ok,9,True,1.067685725775283
3792,"[21, 41, 20]",100000.0,6.2962652107424715,20.0,23093,20.0,50.0,9000.0,0.08517661621870072,marginal,log_V,0.29661098471794606,ok,9,True,1.000004327663804
3792,"[21, 41, 20]",100000.0,6.2962652107424715,20.0,23093,20.0,50.0,9000.0,0.08517661621870072,marginal,k_io,249.2459142296463,ok,9,True,1.0486124560772716
3792,"[21, 41, 20]",100000.0,6.2962652107424715,20.0,23094,20.0,50.0,9500.0,0.08751065429067886,fixed,log_rho,0.19313065399070584,ok,9,True,1.0676408315201504
3792,"[21, 41, 20]",100000.0,6.2962652107424715,20.0,23094,20.0,50.0,9500.0,0.08751065429067886,fixed,log_V,0.2969838449664632,ok,9,True,1.0000037592490862
3792,"[21, 41, 20]",100000.0,6.2962652107424715,20.0,23094,20.0,50.0,9500.0,0.08751065429067886,fixed,k_io,226.6872067368917,ok,9,True,1.048577589615348
3792,"[21, 41, 20]",100000.0,6.2962652107424715,20.0,23094,20.0,50.0,9500.0,0.08751065429067886,marginal,log_rho,0.22014131726861927,ok,9,True,1.0676408315201504
3792,"[21, 41, 20]",100000.0,6.2962652107424715,20.0,23094,20.0,50.0,9500.0,0.08751065429067886,marginal,log_V,0.2969860778431558,ok,9,True,1.0000037592490862
3792,"[21, 41, 20]",100000.0,6.2962652107424715,20.0,23094,20.0,50.0,9500.0,0.08751065429067886,marginal,k_io,249.24597537505568,ok,9,True,1.048577589615348
3792,"[21, 41, 20]",100000.0,6.2962652107424715,20.0,23095,20.0,50.0,10000.0,0.08978403687904432,fixed,log_rho,0.19307614829699224,ok,9,True,1.067597988881416
3792,"[21, 41, 20]",100000.0,6.2962652107424715,20.0,23095,20.0,50.0,10000.0,0.08978403687904432,fixed,log_V,0.29730210842638227,ok,9,True,1.0000034865064216
3792,"[21, 41, 20]",100000.0,6.2962652107424715,20.0,23095,20.0,50.0,10000.0,0.08978403687904432,fixed,k_io,226.64737903590958,ok,9,True,1.0485424476709584
3792,"[21, 41, 20]",100000.0,6.2962652107424715,20.0,23095,20.0,50.0,10000.0,0.08978403687904432,marginal,log_rho,0.22006152611087942,ok,9,True,1.067597988881416
3792,"[21, 41, 20]",100000.0,6.2962652107424715,20.0,23095,20.0,50.0,10000.0,0.08978403687904432,marginal,log_V,0.2973041815214165,ok,9,True,1.0000034865064216
3792,"[21, 41, 20]",100000.0,6.2962652107424715,20.0,23095,20.0,50.0,10000.0,0.08978403687904432,marginal,k_io,249.18548101821898,ok,9,True,1.0485424476709584
3792,"[21, 41, 20]",100000.0,6.2962652107424715,20.0,23096,20.0,50.0,10500.0,0.0920012605468668,fixed,log_rho,0.19306084028161644,ok,9,True,1.0675647191009534
3792,"[21, 41, 20]",100000.0,6.2962652107424715,20.0,23096,20.0,50.0,10500.0,0.0920012605468668,fixed,log_V,0.29756526018600493,ok,9,True,1.000003448125795
3792,"[21, 41, 20]",100000.0,6.2962652107424715,20.0,23096,20.0,50.0,10500.0,0.0920012605468668,fixed,k_io,226.59387013004715,ok,9,True,1.048514008766952
3792,"[21, 41, 20]",100000.0,6.2962652107424715,20.0,23096,20.0,50.0,10500.0,0.0920012605468668,marginal,log_rho,0.22003036421758143,ok,9,True,1.0675647191009534
3792,"[21, 41, 20]",100000.0,6.2962652107424715,20.0,23096,20.0,50.0,10500.0,0.0920012605468668,marginal,log_V,0.2975673122744415,ok,9,True,1.000003448125795
3792,"[21, 41, 20]",100000.0,6.2962652107424715,20.0,23096,20.0,50.0,10500.0,0.0920012605468668,marginal,k_io,249.11313751675178,ok,9,True,1.048514008766952
3792,"[21, 41, 20]",100000.0,6.2962652107424715,20.0,23097,20.0,50.0,11000.0,0.09416629230317689,fixed,log_rho,0.19308602793761048,ok,9,True,1.0675459715266835
3792,"[21, 41, 20]",100000.0,6.2962652107424715,20.0,23097,20.0,50.0,11000.0,0.09416629230317689,fixed,log_V,0.2977708381461198,ok,9,True,1.0000035928776811
3792,"[21, 41, 20]",100000.0,6.2962652107424715,20.0,23097,20.0,50.0,11000.0,0.09416629230317689,fixed,k_io,226.5554448324847,ok,9,True,1.0484969770635042
3792,"[21, 41, 20]",100000.0,6.2962652107424715,20.0,23097,20.0,50.0,11000.0,0.09416629230317689,marginal,log_rho,0.22005134157304465,ok,9,True,1.0675459715266835
3792,"[21, 41, 20]",100000.0,6.2962652107424715,20.0,23097,20.0,50.0,11000.0,0.09416629230317689,marginal,log_V,0.29777297785836065,ok,9,True,1.0000035928776811
3792,"[21, 41, 20]",100000.0,6.2962652107424715,20.0,23097,20.0,50.0,11000.0,0.09416629230317689,marginal,k_io,249.06280187128414,ok,9,True,1.0484969770635042
3792,"[21, 41, 20]",100000.0,6.2962652107424715,20.0,23098,20.0,50.0,11500.0,0.09628265300687465,fixed,log_rho,0.19314442315115798,ok,9,True,1.067542974303006
3792,"[21, 41, 20]",100000.0,6.2962652107424715,20.0,23098,20.0,50.0,11500.0,0.09628265300687465,fixed,log_V,0.2979190464618625,ok,9,True,1.000003865978988
3792,"[21, 41, 20]",100000.0,6.2962652107424715,20.0,23098,20.0,50.0,11500.0,0.09628265300687465,fixed,k_io,226.54639959649805,ok,9,True,1.0484929565368981
3792,"[21, 41, 20]",100000.0,6.2962652107424715,20.0,23098,20.0,50.0,11500.0,0.09628265300687465,marginal,log_rho,0.22011665593851315,ok,9,True,1.067542974303006
3792,"[21, 41, 20]",100000.0,6.2962652107424715,20.0,23098,20.0,50.0,11500.0,0.09628265300687465,marginal,log_V,0.2979213499638627,ok,9,True,1.000003865978988
3792,"[21, 41, 20]",100000.0,6.2962652107424715,20.0,23098,20.0,50.0,11500.0,0.09628265300687465,marginal,k_io,249.05094801452842,ok,9,True,1.0484929565368981
3792,"[21, 41, 20]",100000.0,6.2962652107424715,20.0,23099,20.0,50.0,12000.0,0.09835348460505661,fixed,log_rho,0.19322332340808265,ok,9,True,1.06755354579342
3792,"[21, 41, 20]",100000.0,6.2962652107424715,20.0,23099,20.0,50.0,12000.0,0.09835348460505661,fixed,log_V,0.29801591273897904,ok,9,True,1.0000042060382968
3792,"[21, 41, 20]",100000.0,6.2962652107424715,20.0,23099,20.0,50.0,12000.0,0.09835348460505661,fixed,k_io,226.56844266110775,ok,9,True,1.0485006836700312
3792,"[21, 41, 20]",100000.0,6.2962652107424715,20.0,23099,20.0,50.0,12000.0,0.09835348460505661,marginal,log_rho,0.2202109357317523,ok,9,True,1.06755354579342
3792,"[21, 41, 20]",100000.0,6.2962652107424715,20.0,23099,20.0,50.0,12000.0,0.09835348460505661,marginal,log_V,0.29801841967693526,ok,9,True,1.0000042060382968
3792,"[21, 41, 20]",100000.0,6.2962652107424715,20.0,23099,20.0,50.0,12000.0,0.09835348460505661,marginal,k_io,249.07885203981053,ok,9,True,1.0485006836700312
