rho_cells_per_uL,V_pL,v_i,median_profiled_sloppy_angle_deg,k_io_nodes_with_a_profiled_block,median_log10_condition_number,k_io_nodes_identifiable
11158.8,48.5956,0.542271,15.7507,49,,
11158.8,56.8679,0.634580,11.3486,49,,
11158.8,66.5484,0.742603,12.0133,49,2.5119,7
12452,41.5266,0.517089,19.4973,49,,
12452,48.5956,0.605111,10.5683,49,,
12452,56.8679,0.708118,12.0119,49,2.8762,3
12452,66.5484,0.828659,14.6949,49,2.2518,8
13895,35.486,0.493076,19.3819,49,,
13895,41.5266,0.577011,9.9571,49,,
13895,48.5956,0.675234,12.0187,49,3.6112,3
13895,56.8679,0.790177,16.5731,49,2.3662,8
15505.2,30.324,0.470178,9.0712,49,,
15505.2,35.486,0.550215,8.7808,49,,
15505.2,41.5266,0.643877,10.1493,49,,
15505.2,48.5956,0.753483,17.1759,49,2.4689,5
17302,30.324,0.524664,8.9573,49,,
17302,35.486,0.613976,8.8362,49,,
17302,41.5266,0.718492,18.0996,49,3.0210,4
17302,48.5956,0.840799,15.8251,49,2.4997,8
19307,25.9129,0.500300,12.8024,49,,
19307,30.324,0.585464,9.3191,49,3.8369,1
19307,35.486,0.685127,10.9037,49,3.1907,5
19307,41.5266,0.801754,17.5860,49,2.6287,8
21544.3,22.1435,0.477066,11.9191,49,,
21544.3,25.9129,0.558276,7.2114,49,,
21544.3,30.324,0.653310,10.0595,49,3.2262,3
21544.3,35.486,0.764522,15.4147,49,2.6747,10
24041,22.1435,0.532351,7.5096,49,,
24041,25.9129,0.622972,9.4860,49,4.1762,2
24041,30.324,0.729019,14.5282,49,3.2327,5
26827,18.9224,0.507629,7.2148,49,,
26827,22.1435,0.594042,6.5258,49,4.0309,1
26827,25.9129,0.695164,10.0319,49,3.1541,4
26827,30.324,0.813500,17.6045,49,2.7508,7
29935.8,16.1698,0.484056,4.8512,49,3.8909,3
29935.8,18.9224,0.566455,6.1507,49,3.6362,4
29935.8,22.1435,0.662882,7.3448,49,3.2631,5
29935.8,25.9129,0.775722,19.3815,49,3.0628,7
33404.8,16.1698,0.540150,4.9922,49,3.4963,5
33404.8,18.9224,0.632098,8.9326,49,3.3644,7
33404.8,22.1435,0.739699,17.1452,49,2.9965,8
37275.9,13.8177,0.515066,4.3774,49,3.6065,6
37275.9,16.1698,0.602745,7.9230,49,3.3158,6
37275.9,18.9224,0.705349,15.7243,49,3.2137,9
37275.9,22.1435,0.825418,25.9567,49,2.8137,7
41595.6,11.8077,0.491147,4.4164,49,3.4595,7
41595.6,13.8177,0.574754,4.8846,49,3.4567,8
41595.6,16.1698,0.672593,12.9358,49,3.2453,8
41595.6,18.9224,0.787087,25.5624,49,3.0430,10
46415.9,10.0901,0.468339,3.4118,49,3.4945,8
46415.9,11.8077,0.548064,3.9594,49,3.4589,8
46415.9,13.8177,0.641359,10.6685,49,3.3723,9
46415.9,16.1698,0.750536,20.6065,49,3.2479,9
51794.7,10.0901,0.522612,3.1959,49,3.3326,10
51794.7,11.8077,0.611575,3.6612,49,3.3051,11
51794.7,13.8177,0.715682,15.3320,49,3.2779,11
51794.7,16.1698,0.837511,36.6513,49,3.1933,9
57796.9,8.62231,0.498343,4.1953,49,3.3078,12
57796.9,10.0901,0.583175,5.5499,49,3.3089,15
57796.9,11.8077,0.682447,12.9696,49,3.1806,12
57796.9,13.8177,0.798618,27.1990,49,3.2153,10
64494.7,7.36806,0.475201,2.4306,49,3.2019,12
64494.7,8.62231,0.556093,3.8419,49,3.1757,16
64494.7,10.0901,0.650755,10.2344,49,3.1705,14
64494.7,11.8077,0.761532,21.7577,49,3.1777,13
71968.6,7.36806,0.530269,2.0349,49,3.2068,15
71968.6,8.62231,0.620535,4.5332,49,3.1150,18
71968.6,10.0901,0.726168,13.9265,49,3.1174,15
80308.6,6.29627,0.505644,1.7964,49,3.0630,17
80308.6,7.36806,0.591719,5.4292,49,3.0932,20
80308.6,8.62231,0.692445,5.7783,49,3.1533,19
80308.6,10.0901,0.810319,25.8234,49,3.3371,17
89615.1,5.38038,0.482163,1.4600,49,3.0253,26
89615.1,6.29627,0.564240,1.9930,49,3.0472,22
89615.1,7.36806,0.660289,5.7086,49,3.0828,20
89615.1,8.62231,0.772689,21.0716,49,3.1633,18
100000,5.38038,0.538038,2.4915,49,2.9589,24
100000,6.29627,0.629627,3.8502,49,2.9912,27
100000,7.36806,0.736806,10.4812,49,3.1200,22
111588,4.59772,0.513052,2.0816,49,2.9361,29
111588,5.38038,0.600388,4.2768,49,3.0375,27
111588,6.29627,0.702590,5.8426,49,2.9967,27
111588,7.36806,0.822190,28.2962,49,3.1821,20
124520,3.92891,0.489227,1.7400,49,2.8571,31
124520,4.59772,0.572507,2.3240,49,2.8656,30
124520,5.38038,0.669963,6.0766,49,2.8954,30
124520,6.29627,0.784009,12.0710,49,3.0413,27
138950,3.92891,0.545920,3.2159,49,2.8346,34
138950,4.59772,0.638851,3.2282,49,2.8914,34
138950,5.38038,0.747601,8.4432,49,2.8849,30
155052,3.35739,0.520569,2.1024,49,2.7530,37
155052,3.92891,0.609184,4.7493,49,2.7774,35
155052,4.59772,0.712884,6.1025,49,2.8537,35
155052,5.38038,0.834236,18.5072,49,3.0767,30
173020,2.86901,0.496394,1.4747,49,2.6628,40
173020,3.35739,0.580894,1.7944,49,2.6633,40
173020,3.92891,0.679778,2.8206,49,2.7543,40
173020,4.59772,0.795495,7.4516,49,2.9007,36
193070,2.45166,0.473342,1.4641,49,2.5795,39
193070,2.86901,0.553918,1.9360,49,2.6413,40
193070,3.35739,0.648210,2.7844,49,2.7176,41
193070,3.92891,0.758554,5.1041,49,2.7962,39
215443,2.45166,0.528195,1.4210,49,2.5978,42
215443,2.86901,0.618109,2.1626,49,2.6328,42
215443,3.35739,0.723328,3.5117,49,2.7084,42
240410,2.09503,0.503667,1.9085,49,2.5053,43
240410,2.45166,0.589405,1.8324,49,2.5376,44
240410,2.86901,0.689737,3.1750,49,2.6190,43
240410,3.35739,0.807150,6.6243,49,2.8052,42
268270,1.79028,0.480277,1.2239,49,2.4073,45
268270,2.09503,0.562034,1.4790,49,2.5098,44
268270,2.45166,0.657707,2.3427,49,2.5244,42
268270,2.86901,0.769667,3.5325,49,2.6693,43
299358,1.79028,0.535934,0.7279,49,2.3855,44
299358,2.09503,0.627164,1.2451,49,2.4695,48
299358,2.45166,0.733925,2.1218,49,2.5934,45
334048,1.52985,0.511046,1.0942,49,2.3462,48
334048,1.79028,0.598040,1.1308,49,2.3989,47
334048,2.09503,0.699843,2.0632,49,2.4559,47
334048,2.45166,0.818975,4.0419,49,2.6758,45
372759,1.30731,0.487313,0.6785,49,2.3493,49
372759,1.52985,0.570268,0.8664,49,2.3346,46
372759,1.79028,0.667343,1.0564,49,2.4212,48
372759,2.09503,0.780943,2.1211,49,2.5159,46
415956,1.30731,0.543785,0.6440,49,2.3315,47
415956,1.52985,0.636353,1.0978,49,2.3845,48
415956,1.79028,0.744677,1.5349,49,2.5054,47
464159,1.11714,0.518533,0.5083,49,2.2892,49
464159,1.30731,0.606801,0.7024,49,2.3290,49
464159,1.52985,0.710096,1.3985,49,2.3884,47
464159,1.79028,0.830973,3.0730,49,2.5611,46
517947,0.954639,0.494453,0.5410,49,2.2482,49
517947,1.11714,0.578622,0.5646,49,2.2870,49
517947,1.30731,0.677120,0.9315,49,2.3202,49
517947,1.52985,0.792384,1.6853,49,2.4466,49
577969,0.815772,0.471491,0.5374,49,2.2435,49
577969,0.954639,0.551752,0.3864,49,2.2507,49
577969,1.11714,0.645675,0.3992,49,2.3097,49
577969,1.30731,0.755587,1.1802,49,2.3898,49
644947,0.815772,0.526130,0.6306,49,2.2474,49
644947,0.954639,0.615691,0.4042,49,2.2743,49
644947,1.11714,0.720499,0.4639,49,2.3340,49
644947,1.30731,0.843148,1.6884,49,2.7340,46
719686,0.697106,0.501697,1.2427,49,2.1718,49
719686,0.815772,0.587100,0.9784,49,2.1862,49
719686,0.954639,0.687040,0.4549,49,2.3011,49
719686,1.11714,0.803993,1.4063,49,2.4349,49
803086,0.595701,0.478399,1.9927,49,2.1333,49
803086,0.697106,0.559836,1.5818,49,2.1605,49
803086,0.815772,0.655135,1.1684,49,2.1999,49
803086,0.954639,0.766657,0.5944,49,2.3468,49
896151,0.595701,0.533838,1.5923,49,2.1608,49
896151,0.697106,0.624712,1.7059,49,2.1670,49
896151,0.815772,0.731055,0.6865,49,2.2804,49
1e+06,0.509047,0.509047,2.3564,49,2.1300,49
1e+06,0.595701,0.595701,1.8940,49,2.1687,49
1e+06,0.697106,0.697106,1.4544,49,2.2583,49
1e+06,0.815772,0.815772,0.8816,49,2.3936,49
1.11588e+06,0.434998,0.485408,2.2607,49,2.1181,49
1.11588e+06,0.509047,0.568037,2.3740,49,2.1430,49
1.11588e+06,0.595701,0.664733,2.1598,49,2.1921,49
1.11588e+06,0.697106,0.777889,1.1035,49,2.3469,49
1.2452e+06,0.434998,0.541659,2.7099,49,2.1071,49
1.2452e+06,0.509047,0.633864,2.4002,49,2.1513,49
1.2452e+06,0.595701,0.741765,1.5158,49,2.2849,49
1.3895e+06,0.371721,0.516505,2.8787,49,2.1009,49
1.3895e+06,0.434998,0.604428,2.7235,49,2.1214,49
1.3895e+06,0.509047,0.707319,2.4856,49,2.2095,49
1.3895e+06,0.595701,0.827724,0.7177,49,2.3890,49
1.55052e+06,0.317649,0.492519,2.5701,49,2.0916,49
1.55052e+06,0.371721,0.576360,2.7502,49,2.1114,49
1.55052e+06,0.434998,0.674472,2.1786,49,2.2022,49
1.55052e+06,0.509047,0.789286,1.3366,49,2.3331,49
1.7302e+06,0.271442,0.469647,2.9940,49,2.0855,49
1.7302e+06,0.317649,0.549594,3.0009,49,2.1252,49
1.7302e+06,0.371721,0.643150,2.7795,49,2.1565,49
1.7302e+06,0.434998,0.752632,1.7808,49,2.2828,49
1.9307e+06,0.271442,0.524072,3.2599,49,2.0982,49
1.9307e+06,0.317649,0.613283,3.0120,49,2.1195,49
1.9307e+06,0.371721,0.717681,2.4841,49,2.2176,49
1.9307e+06,0.434998,0.839850,2.3039,49,2.8180,49
2.15443e+06,0.231956,0.499735,3.3832,49,2.0815,49
2.15443e+06,0.271442,0.584804,3.1162,49,2.1191,49
2.15443e+06,0.317649,0.684353,2.6628,49,2.1985,49
2.15443e+06,0.371721,0.800849,1.1751,49,2.3435,49
2.4041e+06,0.198215,0.476528,3.2768,49,2.0841,49
2.4041e+06,0.231956,0.557646,3.0211,49,2.1008,49
2.4041e+06,0.271442,0.652573,2.8265,49,2.1691,49
2.4041e+06,0.317649,0.763659,1.9668,49,2.2905,49
2.6827e+06,0.198215,0.531750,3.0617,49,2.1163,49
2.6827e+06,0.231956,0.622268,2.7377,49,2.1307,49
2.6827e+06,0.271442,0.728196,2.2726,49,2.2395,49
2.99358e+06,0.169381,0.507056,3.4950,49,2.1111,49
2.99358e+06,0.198215,0.593371,3.2847,49,2.1590,49
2.99358e+06,0.231956,0.694379,2.7425,49,2.2329,49
2.99358e+06,0.271442,0.812582,1.3794,49,2.3787,49
3.34048e+06,0.144742,0.483509,3.5933,49,2.0991,49
3.34048e+06,0.169381,0.565816,3.4137,49,2.1113,49
3.34048e+06,0.198215,0.662133,2.7538,49,2.1962,49
3.34048e+06,0.231956,0.774847,1.7098,49,2.3339,49
3.72759e+06,0.144742,0.539540,3.4833,49,2.1219,49
3.72759e+06,0.169381,0.631385,3.0705,49,2.1809,49
3.72759e+06,0.198215,0.738864,2.2910,49,2.2778,49
4.15956e+06,0.123687,0.514485,3.4021,49,2.1220,49
4.15956e+06,0.144742,0.602064,3.0889,49,2.1586,49
4.15956e+06,0.169381,0.704552,2.5093,49,2.2574,49
4.15956e+06,0.198215,0.824487,1.7893,49,2.6038,49
4.64159e+06,0.105695,0.490593,3.6724,49,2.1234,49
4.64159e+06,0.123687,0.574106,3.2838,49,2.1832,49
4.64159e+06,0.144742,0.671834,2.5428,49,2.2362,49
4.64159e+06,0.169381,0.786199,1.4588,49,2.3852,49
5.17947e+06,0.105695,0.547445,3.1212,49,2.1861,49
5.17947e+06,0.123687,0.640635,2.5269,49,2.2269,49
5.17947e+06,0.144742,0.749689,1.7959,49,2.3579,49
5.77969e+06,0.0903201,0.522022,3.5225,49,2.1700,49
5.77969e+06,0.105695,0.610885,2.9397,49,2.2273,49
5.77969e+06,0.123687,0.714875,2.1962,49,2.2969,49
5.77969e+06,0.144742,0.836566,4.0189,49,3.0550,49
6.44947e+06,0.0771817,0.497781,3.7730,49,2.2175,49
6.44947e+06,0.0903201,0.582517,3.1892,49,2.2274,49
6.44947e+06,0.105695,0.681677,2.2592,49,2.3112,49
6.44947e+06,0.123687,0.797717,1.2331,49,2.4943,49
7.19686e+06,0.0659544,0.474664,3.7283,49,2.2641,49
7.19686e+06,0.0771817,0.555465,3.4551,49,2.2550,49
7.19686e+06,0.0903201,0.650021,2.7753,49,2.2936,49
7.19686e+06,0.105695,0.760672,1.5420,49,2.4260,49
8.03086e+06,0.0659544,0.529670,3.4587,49,2.2834,49
8.03086e+06,0.0771817,0.619835,2.7747,49,2.2848,49
8.03086e+06,0.0903201,0.725348,1.8873,49,2.4091,49
8.96151e+06,0.0563603,0.505073,3.5596,49,2.3438,49
8.96151e+06,0.0659544,0.591051,3.0477,49,2.3342,49
8.96151e+06,0.0771817,0.691664,2.1539,49,2.3871,49
8.96151e+06,0.0903201,0.809404,1.3250,49,2.6556,49
