node_row,canonical_node,rho,V,k_io,column,delta_ms,Delta_ms,b_s_mm2,gradient_T_m,sigma_per_observation,repeats,parameter,regime,scalar_information,derivative_squared,derivative_variance_endpoint_only,variance_bound,mc_debias,reason
3777,"[21, 41, 5]",100000.0,6.2962652107424715,5.0,4526,4.0,20.0,500.0,0.15294377221497343,0.02,3,log_rho,fixed,214.0387358841648,0.028544195084074065,5.696966185422976e-06,0.004672051513802567,True,ok
3777,"[21, 41, 5]",100000.0,6.2962652107424715,5.0,4526,4.0,20.0,500.0,0.15294377221497343,0.02,3,log_V,fixed,59.52388742576221,0.007938929391232141,2.411067797179772e-06,0.01679997801298165,True,ok
3777,"[21, 41, 5]",100000.0,6.2962652107424715,5.0,4526,4.0,20.0,500.0,0.15294377221497343,0.02,3,k_io,fixed,0.08673118686075565,1.161690085482725e-05,5.274260672649689e-08,11.529877961954682,True,ok
3777,"[21, 41, 5]",100000.0,6.2962652107424715,5.0,4526,4.0,20.0,500.0,0.15294377221497343,0.02,3,log_rho,marginal,183.8489944060888,0.028544195084074065,5.696966185422976e-06,0.005439246503525513,True,ok
3777,"[21, 41, 5]",100000.0,6.2962652107424715,5.0,4526,4.0,20.0,500.0,0.15294377221497343,0.02,3,log_V,marginal,51.127286112323134,0.007938929391232141,2.411067797179772e-06,0.01955902759640065,True,ok
3777,"[21, 41, 5]",100000.0,6.2962652107424715,5.0,4526,4.0,20.0,500.0,0.15294377221497343,0.02,3,k_io,marginal,0.07444458243731018,1.161690085482725e-05,5.274260672649689e-08,13.4328109213602,True,ok
3777,"[21, 41, 5]",100000.0,6.2962652107424715,5.0,4527,4.0,20.0,1000.0,0.21629515694691676,0.02,3,log_rho,fixed,139.91564402845523,0.018663483475733957,8.064271939926279e-06,0.0071471636137887895,True,ok
3777,"[21, 41, 5]",100000.0,6.2962652107424715,5.0,4527,4.0,20.0,1000.0,0.21629515694691676,0.02,3,log_V,fixed,22.60438466278448,0.0030171092246999783,3.1912696620475864e-06,0.044239204690512325,True,ok
3777,"[21, 41, 5]",100000.0,6.2962652107424715,5.0,4527,4.0,20.0,1000.0,0.21629515694691676,0.02,3,k_io,fixed,0.09372505719371094,1.2569727348366033e-05,7.305305587124167e-08,10.669505358990607,True,ok
3777,"[21, 41, 5]",100000.0,6.2962652107424715,5.0,4527,4.0,20.0,1000.0,0.21629515694691676,0.02,3,log_rho,marginal,134.19826948824578,0.018663483475733957,8.064271939926279e-06,0.007451660917934478,True,ok
3777,"[21, 41, 5]",100000.0,6.2962652107424715,5.0,4527,4.0,20.0,1000.0,0.21629515694691676,0.02,3,log_V,marginal,21.680122935933813,0.0030171092246999783,3.1912696620475864e-06,0.04612519970274457,True,ok
3777,"[21, 41, 5]",100000.0,6.2962652107424715,5.0,4527,4.0,20.0,1000.0,0.21629515694691676,0.02,3,k_io,marginal,0.08987444488908079,1.2569727348366033e-05,7.305305587124167e-08,11.12663339655847,True,ok
3777,"[21, 41, 5]",100000.0,6.2962652107424715,5.0,4528,4.0,20.0,1500.0,0.26490638417757517,0.02,3,log_rho,fixed,55.28473158804196,0.007378728985128957,7.431440056695825e-06,0.01808817681257042,True,ok
3777,"[21, 41, 5]",100000.0,6.2962652107424715,5.0,4528,4.0,20.0,1500.0,0.26490638417757517,0.02,3,log_V,fixed,3.6778017771933644,0.0004932689336257624,2.895363333313781e-06,0.2719015489636118,True,ok
3777,"[21, 41, 5]",100000.0,6.2962652107424715,5.0,4528,4.0,20.0,1500.0,0.26490638417757517,0.02,3,k_io,fixed,0.06382924158288006,8.5781801004714e-06,6.761455608739198e-08,15.666800594857996,True,ok
3777,"[21, 41, 5]",100000.0,6.2962652107424715,5.0,4528,4.0,20.0,1500.0,0.26490638417757517,0.02,3,log_rho,marginal,54.573533831692366,0.007378728985128957,7.431440056695825e-06,0.018323900429172358,True,ok
3777,"[21, 41, 5]",100000.0,6.2962652107424715,5.0,4528,4.0,20.0,1500.0,0.26490638417757517,0.02,3,log_V,marginal,3.630258120341538,0.0004932689336257624,2.895363333313781e-06,0.27546250620490836,True,ok
3777,"[21, 41, 5]",100000.0,6.2962652107424715,5.0,4528,4.0,20.0,1500.0,0.26490638417757517,0.02,3,k_io,marginal,0.0630024348993288,8.5781801004714e-06,6.761455608739198e-08,15.872402417428688,True,ok
3777,"[21, 41, 5]",100000.0,6.2962652107424715,5.0,4529,4.0,20.0,2000.0,0.30588754442994687,0.02,3,log_rho,fixed,18.864221574381244,0.002521458501949379,6.228958698546881e-06,0.05301040363934553,True,ok
3777,"[21, 41, 5]",100000.0,6.2962652107424715,5.0,4529,4.0,20.0,2000.0,0.30588754442994687,0.02,3,log_V,fixed,0.1643483801893262,2.4295412974829315e-05,2.382295616252486e-06,6.084635570171236,True,ok
3777,"[21, 41, 5]",100000.0,6.2962652107424715,5.0,4529,4.0,20.0,2000.0,0.30588754442994687,0.02,3,k_io,fixed,0.03899957376101576,5.256798364952631e-06,5.685519681719597e-08,25.641305880106998,True,ok
3777,"[21, 41, 5]",100000.0,6.2962652107424715,5.0,4529,4.0,20.0,2000.0,0.30588754442994687,0.02,3,log_rho,marginal,18.77611296452208,0.002521458501949379,6.228958698546881e-06,0.05325915975737492,True,ok
3777,"[21, 41, 5]",100000.0,6.2962652107424715,5.0,4529,4.0,20.0,2000.0,0.30588754442994687,0.02,3,log_V,marginal,0.16349941318808012,2.4295412974829315e-05,2.382295616252486e-06,6.116229902609245,True,ok
3777,"[21, 41, 5]",100000.0,6.2962652107424715,5.0,4529,4.0,20.0,2000.0,0.30588754442994687,0.02,3,k_io,marginal,0.038815882775862606,5.256798364952631e-06,5.685519681719597e-08,25.762649938283595,True,ok
3777,"[21, 41, 5]",100000.0,6.2962652107424715,5.0,4530,4.0,20.0,2500.0,0.34199267140792416,0.02,3,log_rho,fixed,6.43196901900925,0.0008628655983989484,5.269729197715193e-06,0.15547338568400557,True,ok
3777,"[21, 41, 5]",100000.0,6.2962652107424715,5.0,4530,4.0,20.0,2500.0,0.34199267140792416,0.02,3,log_V,fixed,0.021407924355961904,4.816045893599043e-06,1.9616559794707897e-06,46.7116747692314,True,ok
3777,"[21, 41, 5]",100000.0,6.2962652107424715,5.0,4530,4.0,20.0,2500.0,0.34199267140792416,0.02,3,k_io,fixed,0.023803031249984563,3.221427974500757e-06,4.769047450281505e-08,42.01145599893495,True,ok
3777,"[21, 41, 5]",100000.0,6.2962652107424715,5.0,4530,4.0,20.0,2500.0,0.34199267140792416,0.02,3,log_rho,marginal,6.419230093964901,0.0008628655983989484,5.269729197715193e-06,0.15578192171988964,True,ok
3777,"[21, 41, 5]",100000.0,6.2962652107424715,5.0,4530,4.0,20.0,2500.0,0.34199267140792416,0.02,3,log_V,marginal,0.02133682261339326,4.816045893599043e-06,1.9616559794707897e-06,46.86733437865737,True,ok
3777,"[21, 41, 5]",100000.0,6.2962652107424715,5.0,4530,4.0,20.0,2500.0,0.34199267140792416,0.02,3,k_io,marginal,0.023755471665294806,3.221427974500757e-06,4.769047450281505e-08,42.09556493298067,True,ok
3777,"[21, 41, 5]",100000.0,6.2962652107424715,5.0,4531,4.0,20.0,3000.0,0.37463420126314423,0.02,3,log_rho,fixed,2.4082978115342595,0.00032575978702722514,4.653412155990521e-06,0.41523103795993066,True,ok
3777,"[21, 41, 5]",100000.0,6.2962652107424715,5.0,4531,4.0,20.0,3000.0,0.37463420126314423,0.02,3,log_V,fixed,0.13790345058154696,2.008967990913836e-05,1.7025531649320974e-06,7.25145016881696,True,ok
3777,"[21, 41, 5]",100000.0,6.2962652107424715,5.0,4531,4.0,20.0,3000.0,0.37463420126314423,0.02,3,k_io,fixed,0.015009140225674678,2.042996492201965e-06,4.1777795445341326e-08,66.62606818006785,True,ok
3777,"[21, 41, 5]",100000.0,6.2962652107424715,5.0,4531,4.0,20.0,3000.0,0.37463420126314423,0.02,3,log_rho,marginal,2.4059472252982026,0.00032575978702722514,4.653412155990521e-06,0.4156367145069261,True,ok
3777,"[21, 41, 5]",100000.0,6.2962652107424715,5.0,4531,4.0,20.0,3000.0,0.37463420126314423,0.02,3,log_V,marginal,0.1377584893955389,2.008967990913836e-05,1.7025531649320974e-06,7.25908076074173,True,ok
3777,"[21, 41, 5]",100000.0,6.2962652107424715,5.0,4531,4.0,20.0,3000.0,0.37463420126314423,0.02,3,k_io,marginal,0.014994398567477066,2.042996492201965e-06,4.1777795445341326e-08,66.69157122240338,True,ok
3777,"[21, 41, 5]",100000.0,6.2962652107424715,5.0,4532,4.0,20.0,3500.0,0.40465118585693005,0.02,3,log_rho,fixed,1.0406687869469946,0.00014303342414797256,4.277585888373283e-06,0.9609205277826152,True,ok
3777,"[21, 41, 5]",100000.0,6.2962652107424715,5.0,4532,4.0,20.0,3500.0,0.40465118585693005,0.02,3,log_V,fixed,0.1662866931766997,2.3762830728159264e-05,1.591271637932636e-06,6.013710302948771,True,ok
3777,"[21, 41, 5]",100000.0,6.2962652107424715,5.0,4532,4.0,20.0,3500.0,0.40465118585693005,0.02,3,k_io,fixed,0.009804099941827793,1.346394128534656e-06,3.918080295761683e-08,101.99814423898748,True,ok
3777,"[21, 41, 5]",100000.0,6.2962652107424715,5.0,4532,4.0,20.0,3500.0,0.40465118585693005,0.02,3,log_rho,marginal,1.0400966339179771,0.00014303342414797256,4.277585888373283e-06,0.9614491263499857,True,ok
3777,"[21, 41, 5]",100000.0,6.2962652107424715,5.0,4532,4.0,20.0,3500.0,0.40465118585693005,0.02,3,log_V,marginal,0.16619163864199823,2.3762830728159264e-05,1.591271637932636e-06,6.017149888955306,True,ok
3777,"[21, 41, 5]",100000.0,6.2962652107424715,5.0,4532,4.0,20.0,3500.0,0.40465118585693005,0.02,3,k_io,marginal,0.009798714183334762,1.346394128534656e-06,3.918080295761683e-08,102.05420642850851,True,ok
3777,"[21, 41, 5]",100000.0,6.2962652107424715,5.0,4533,4.0,20.0,4000.0,0.4325903138938335,0.02,3,log_rho,fixed,0.519898343261635,7.337331299246626e-05,4.053533890914922e-06,1.9234529460632603,True,ok
3777,"[21, 41, 5]",100000.0,6.2962652107424715,5.0,4533,4.0,20.0,4000.0,0.4325903138938335,0.02,3,log_V,fixed,0.15164994068774865,2.1797380132386097e-05,1.57738804068628e-06,6.594133802261269,True,ok
3777,"[21, 41, 5]",100000.0,6.2962652107424715,5.0,4533,4.0,20.0,4000.0,0.4325903138938335,0.02,3,k_io,fixed,0.00658459235230828,9.171026950673122e-07,3.91570480928749e-08,151.86969010305432,True,ok
3777,"[21, 41, 5]",100000.0,6.2962652107424715,5.0,4533,4.0,20.0,4000.0,0.4325903138938335,0.02,3,log_rho,marginal,0.5197185294154446,7.337331299246626e-05,4.053533890914922e-06,1.924118428343807,True,ok
3777,"[21, 41, 5]",100000.0,6.2962652107424715,5.0,4533,4.0,20.0,4000.0,0.4325903138938335,0.02,3,log_V,marginal,0.1515965224816104,2.1797380132386097e-05,1.57738804068628e-06,6.596457383257628,True,ok
3777,"[21, 41, 5]",100000.0,6.2962652107424715,5.0,4533,4.0,20.0,4000.0,0.4325903138938335,0.02,3,k_io,marginal,0.00658234483538113,9.171026950673122e-07,3.91570480928749e-08,151.92154543846505,True,ok
3777,"[21, 41, 5]",100000.0,6.2962652107424715,5.0,4534,4.0,20.0,4500.0,0.45883131664492033,0.02,3,log_rho,fixed,0.2920183714660887,4.2902029604923544e-05,3.966246742778382e-06,3.4244420821178614,True,ok
3777,"[21, 41, 5]",100000.0,6.2962652107424715,5.0,4534,4.0,20.0,4500.0,0.45883131664492033,0.02,3,log_V,fixed,0.12989369862563332,1.8922624834417946e-05,1.603465017666835e-06,7.698602862037983,True,ok
3777,"[21, 41, 5]",100000.0,6.2962652107424715,5.0,4534,4.0,20.0,4500.0,0.45883131664492033,0.02,3,k_io,fixed,0.004517653360596851,6.428993778043526e-07,4.054559639143918e-08,221.353857894906,True,ok
3777,"[21, 41, 5]",100000.0,6.2962652107424715,5.0,4534,4.0,20.0,4500.0,0.45883131664492033,0.02,3,log_rho,marginal,0.291948966453397,4.2902029604923544e-05,3.966246742778382e-06,3.425256174556888,True,ok
3777,"[21, 41, 5]",100000.0,6.2962652107424715,5.0,4534,4.0,20.0,4500.0,0.45883131664492033,0.02,3,log_V,marginal,0.1298630864371451,1.8922624834417946e-05,1.603465017666835e-06,7.700417627791475,True,ok
3777,"[21, 41, 5]",100000.0,6.2962652107424715,5.0,4534,4.0,20.0,4500.0,0.45883131664492033,0.02,3,k_io,marginal,0.0045166133063176735,6.428993778043526e-07,4.054559639143918e-08,221.40482972080798,True,ok
3777,"[21, 41, 5]",100000.0,6.2962652107424715,5.0,4535,4.0,20.0,5000.0,0.4836506741372918,0.02,3,log_rho,fixed,0.1771327698177448,2.764341883320789e-05,4.025716190841915e-06,5.645482769952271,True,ok
3777,"[21, 41, 5]",100000.0,6.2962652107424715,5.0,4535,4.0,20.0,5000.0,0.4836506741372918,0.02,3,log_V,fixed,0.11227881715688584,1.659503463237237e-05,1.6245256781209271e-06,8.90639949121224,True,ok
3777,"[21, 41, 5]",100000.0,6.2962652107424715,5.0,4535,4.0,20.0,5000.0,0.4836506741372918,0.02,3,k_io,fixed,0.0031630528177054333,4.638641542926373e-07,4.212377859857952e-08,316.1502692596287,True,ok
3777,"[21, 41, 5]",100000.0,6.2962652107424715,5.0,4535,4.0,20.0,5000.0,0.4836506741372918,0.02,3,log_rho,marginal,0.17710159723914218,2.764341883320789e-05,4.025716190841915e-06,5.646476460907856,True,ok
3777,"[21, 41, 5]",100000.0,6.2962652107424715,5.0,4535,4.0,20.0,5000.0,0.4836506741372918,0.02,3,log_V,marginal,0.1122601034795143,1.659503463237237e-05,1.6245256781209271e-06,8.907884181511415,True,ok
3777,"[21, 41, 5]",100000.0,6.2962652107424715,5.0,4535,4.0,20.0,5000.0,0.4836506741372918,0.02,3,k_io,marginal,0.0031625297332816913,4.638641542926373e-07,4.212377859857952e-08,316.2025607146848,True,ok
3777,"[21, 41, 5]",100000.0,6.2962652107424715,5.0,4536,4.0,20.0,5500.0,0.5072571064586503,0.02,3,log_rho,fixed,0.11025131063332214,1.8908834268159776e-05,4.208659517050156e-06,9.070186959734535,True,ok
3777,"[21, 41, 5]",100000.0,6.2962652107424715,5.0,4536,4.0,20.0,5500.0,0.5072571064586503,0.02,3,log_V,fixed,0.10079363706736895,1.505757672019547e-05,1.6184251112129443e-06,9.921261193616965,True,ok
3777,"[21, 41, 5]",100000.0,6.2962652107424715,5.0,4536,4.0,20.0,5500.0,0.5072571064586503,0.02,3,k_io,fixed,0.0022694164417066953,3.4559047325244396e-07,4.300161435821792e-08,440.6419120009365,True,ok
3777,"[21, 41, 5]",100000.0,6.2962652107424715,5.0,4536,4.0,20.0,5500.0,0.5072571064586503,0.02,3,log_rho,marginal,0.11023583651033012,1.8908834268159776e-05,4.208659517050156e-06,9.071460168094164,True,ok
3777,"[21, 41, 5]",100000.0,6.2962652107424715,5.0,4536,4.0,20.0,5500.0,0.5072571064586503,0.02,3,log_V,marginal,0.10078131463697342,1.505757672019547e-05,1.6184251112129443e-06,9.92247425628572,True,ok
3777,"[21, 41, 5]",100000.0,6.2962652107424715,5.0,4536,4.0,20.0,5500.0,0.5072571064586503,0.02,3,k_io,marginal,0.0022691336263087635,3.4559047325244396e-07,4.300161435821792e-08,440.696831780117,True,ok
3777,"[21, 41, 5]",100000.0,6.2962652107424715,5.0,4537,4.0,20.0,6000.0,0.5298127683551503,0.02,3,log_rho,fixed,0.06565620003720755,1.3203583631982185e-05,4.449423627021179e-06,15.230854046278907,True,ok
3777,"[21, 41, 5]",100000.0,6.2962652107424715,5.0,4537,4.0,20.0,6000.0,0.5298127683551503,0.02,3,log_V,fixed,0.09493446722419392,1.4249681871166798e-05,1.59175290794094e-06,10.533582051273696,True,ok
3777,"[21, 41, 5]",100000.0,6.2962652107424715,5.0,4537,4.0,20.0,6000.0,0.5298127683551503,0.02,3,k_io,fixed,0.0016794470259839196,2.667932693259465e-07,4.2866999194757226e-08,595.4340830810908,True,ok
3777,"[21, 41, 5]",100000.0,6.2962652107424715,5.0,4537,4.0,20.0,6000.0,0.5298127683551503,0.02,3,log_rho,marginal,0.0656481110020759,1.3203583631982185e-05,4.449423627021179e-06,15.232730763088954,True,ok
3777,"[21, 41, 5]",100000.0,6.2962652107424715,5.0,4537,4.0,20.0,6000.0,0.5298127683551503,0.02,3,log_V,marginal,0.09492573730809814,1.4249681871166798e-05,1.59175290794094e-06,10.534550779988407,True,ok
3777,"[21, 41, 5]",100000.0,6.2962652107424715,5.0,4537,4.0,20.0,6000.0,0.5298127683551503,0.02,3,k_io,marginal,0.0016792835779240126,2.667932693259465e-07,4.2866999194757226e-08,595.4920378821508,True,ok
3777,"[21, 41, 5]",100000.0,6.2962652107424715,5.0,4538,4.0,20.0,6500.0,0.5514466129839712,0.02,3,log_rho,fixed,0.03306970998567817,9.073713239639632e-06,4.664418574882543e-06,30.23915239755898,True,ok
3777,"[21, 41, 5]",100000.0,6.2962652107424715,5.0,4538,4.0,20.0,6500.0,0.5514466129839712,0.02,3,log_V,fixed,0.09355767650126241,1.404661693221737e-05,1.5722600653823804e-06,10.688593789377684,True,ok
3777,"[21, 41, 5]",100000.0,6.2962652107424715,5.0,4538,4.0,20.0,6500.0,0.5514466129839712,0.02,3,k_io,fixed,0.0012886804223150678,2.1372099271777835e-07,4.1896936409102634e-08,775.9875782108462,True,ok
3777,"[21, 41, 5]",100000.0,6.2962652107424715,5.0,4538,4.0,20.0,6500.0,0.5514466129839712,0.02,3,log_rho,marginal,0.03306544170754219,9.073713239639632e-06,4.664418574882543e-06,30.243055841951783,True,ok
3777,"[21, 41, 5]",100000.0,6.2962652107424715,5.0,4538,4.0,20.0,6500.0,0.5514466129839712,0.02,3,log_V,marginal,0.09355106896735069,1.404661693221737e-05,1.5722600653823804e-06,10.6893487272604,True,ok
3777,"[21, 41, 5]",100000.0,6.2962652107424715,5.0,4538,4.0,20.0,6500.0,0.5514466129839712,0.02,3,k_io,marginal,0.0012885798878793497,2.1372099271777835e-07,4.1896936409102634e-08,776.048120420168,True,ok
3777,"[21, 41, 5]",100000.0,6.2962652107424715,5.0,4539,4.0,20.0,7000.0,0.5722631950692264,0.02,3,log_rho,fixed,0.008684923801329835,5.940097572700082e-06,4.782107732522772e-06,115.14205799328718,True,ok
3777,"[21, 41, 5]",100000.0,6.2962652107424715,5.0,4539,4.0,20.0,7000.0,0.5722631950692264,0.02,3,log_V,fixed,0.09526698645056925,1.4290545834827681e-05,1.588280974751782e-06,10.496815709803789,True,ok
3777,"[21, 41, 5]",100000.0,6.2962652107424715,5.0,4539,4.0,20.0,7000.0,0.5722631950692264,0.02,3,k_io,fixed,0.0010262271454687482,1.7732408673067296e-07,4.0493800668173206e-08,974.443138066896,True,ok
3777,"[21, 41, 5]",100000.0,6.2962652107424715,5.0,4539,4.0,20.0,7000.0,0.5722631950692264,0.02,3,log_rho,marginal,0.008682731239381446,5.940097572700082e-06,4.782107732522772e-06,115.17113364794642,True,ok
3777,"[21, 41, 5]",100000.0,6.2962652107424715,5.0,4539,4.0,20.0,7000.0,0.5722631950692264,0.02,3,log_V,marginal,0.09526171163704376,1.4290545834827681e-05,1.588280974751782e-06,10.49739693750303,True,ok
3777,"[21, 41, 5]",100000.0,6.2962652107424715,5.0,4539,4.0,20.0,7000.0,0.5722631950692264,0.02,3,k_io,marginal,0.0010261616930009494,1.7732408673067296e-07,4.0493800668173206e-08,974.5052917299602,True,ok
3777,"[21, 41, 5]",100000.0,6.2962652107424715,5.0,4540,4.0,20.0,7500.0,0.5923486826947327,0.02,3,log_rho,fixed,-0.00893710303280793,3.575867978769745e-06,4.767481716477469e-06,nan,True,nonpositive scalar information (zero sensitivity or MC correction)
3777,"[21, 41, 5]",100000.0,6.2962652107424715,5.0,4540,4.0,20.0,7500.0,0.5923486826947327,0.02,3,log_V,fixed,0.09848119220916476,1.4782563078497225e-05,1.6517374506085905e-06,10.154223132028035,True,ok
3777,"[21, 41, 5]",100000.0,6.2962652107424715,5.0,4540,4.0,20.0,7500.0,0.5923486826947327,0.02,3,k_io,fixed,0.0008437937419819911,1.5157121039662902e-07,3.906537813236355e-08,1185.123745586327,True,ok
3777,"[21, 41, 5]",100000.0,6.2962652107424715,5.0,4540,4.0,20.0,7500.0,0.5923486826947327,0.02,3,log_rho,marginal,-0.008938158964593046,3.575867978769745e-06,4.767481716477469e-06,nan,True,nonpositive scalar information (zero sensitivity or MC correction)
3777,"[21, 41, 5]",100000.0,6.2962652107424715,5.0,4540,4.0,20.0,7500.0,0.5923486826947327,0.02,3,log_V,marginal,0.09847682700935517,1.4782563078497225e-05,1.6517374506085905e-06,10.154673240081154,True,ok
3777,"[21, 41, 5]",100000.0,6.2962652107424715,5.0,4540,4.0,20.0,7500.0,0.5923486826947327,0.02,3,k_io,marginal,0.0008437489839373103,1.5157121039662902e-07,3.906537813236355e-08,1185.1866124135079,True,ok
3777,"[21, 41, 5]",100000.0,6.2962652107424715,5.0,4541,4.0,20.0,8000.0,0.6117750888598937,0.02,3,log_rho,fixed,-0.020711416006171837,1.8716112732134222e-06,4.633133407369667e-06,nan,True,nonpositive scalar information (zero sensitivity or MC correction)
3777,"[21, 41, 5]",100000.0,6.2962652107424715,5.0,4541,4.0,20.0,8000.0,0.6117750888598937,0.02,3,log_V,fixed,0.10149283958151437,1.528862534577475e-05,1.7562467349061672e-06,9.852911832236659,True,ok
3777,"[21, 41, 5]",100000.0,6.2962652107424715,5.0,4541,4.0,20.0,8000.0,0.6117750888598937,0.02,3,k_io,fixed,0.000708510289617047,1.323663474623129e-07,3.789830884670664e-08,1411.4121060126092,True,ok
3777,"[21, 41, 5]",100000.0,6.2962652107424715,5.0,4541,4.0,20.0,8000.0,0.6117750888598937,0.02,3,log_rho,marginal,-0.020711866025617892,1.8716112732134222e-06,4.633133407369667e-06,nan,True,nonpositive scalar information (zero sensitivity or MC correction)
3777,"[21, 41, 5]",100000.0,6.2962652107424715,5.0,4541,4.0,20.0,8000.0,0.6117750888598937,0.02,3,log_V,marginal,0.1014891635090267,1.528862534577475e-05,1.7562467349061672e-06,9.853268717808058,True,ok
3777,"[21, 41, 5]",100000.0,6.2962652107424715,5.0,4541,4.0,20.0,8000.0,0.6117750888598937,0.02,3,k_io,marginal,0.0007084784627995801,1.323663474623129e-07,3.789830884670664e-08,1411.475510558869,True,ok
3777,"[21, 41, 5]",100000.0,6.2962652107424715,5.0,4542,4.0,20.0,8500.0,0.630603327622743,0.02,3,log_rho,fixed,-0.02758137808015038,7.52296389810803e-07,4.429813467164187e-06,nan,True,nonpositive scalar information (zero sensitivity or MC correction)
3777,"[21, 41, 5]",100000.0,6.2962652107424715,5.0,4542,4.0,20.0,8500.0,0.630603327622743,0.02,3,log_V,fixed,0.10266541585719555,1.5574196365600985e-05,1.8854742513082468e-06,9.740378409326949,True,ok
3777,"[21, 41, 5]",100000.0,6.2962652107424715,5.0,4542,4.0,20.0,8500.0,0.630603327622743,0.02,3,k_io,fixed,0.0005984268525914506,1.1689890271602589e-07,3.710865570383248e-08,1671.0480080724349,True,ok
3777,"[21, 41, 5]",100000.0,6.2962652107424715,5.0,4542,4.0,20.0,8500.0,0.630603327622743,0.02,3,log_rho,marginal,-0.02758152776587268,7.52296389810803e-07,4.429813467164187e-06,nan,True,nonpositive scalar information (zero sensitivity or MC correction)
3777,"[21, 41, 5]",100000.0,6.2962652107424715,5.0,4542,4.0,20.0,8500.0,0.630603327622743,0.02,3,log_V,marginal,0.10266231703223269,1.5574196365600985e-05,1.8854742513082468e-06,9.74067241913147,True,ok
3777,"[21, 41, 5]",100000.0,6.2962652107424715,5.0,4542,4.0,20.0,8500.0,0.630603327622743,0.02,3,k_io,marginal,0.0005984035930132762,1.1689890271602589e-07,3.710865570383248e-08,1671.112960676715,True,ok
3777,"[21, 41, 5]",100000.0,6.2962652107424715,5.0,4543,4.0,20.0,9000.0,0.6488854708407503,0.02,3,log_rho,fixed,-0.030508708358295937,1.531518731089023e-07,4.220979654215027e-06,nan,True,nonpositive scalar information (zero sensitivity or MC correction)
3777,"[21, 41, 5]",100000.0,6.2962652107424715,5.0,4543,4.0,20.0,9000.0,0.6488854708407503,0.02,3,log_V,fixed,0.10078459353873472,1.5459038601942144e-05,2.021092796777516e-06,9.922151440891293,True,ok
3777,"[21, 41, 5]",100000.0,6.2962652107424715,5.0,4543,4.0,20.0,9000.0,0.6488854708407503,0.02,3,k_io,fixed,0.0004996990420819472,1.0330073045014066e-07,3.6674191505881024e-08,2001.2045567139726,True,ok
3777,"[21, 41, 5]",100000.0,6.2962652107424715,5.0,4543,4.0,20.0,9000.0,0.6488854708407503,0.02,3,log_rho,marginal,-0.030508733944909862,1.531518731089023e-07,4.220979654215027e-06,nan,True,nonpositive scalar information (zero sensitivity or MC correction)
3777,"[21, 41, 5]",100000.0,6.2962652107424715,5.0,4543,4.0,20.0,9000.0,0.6488854708407503,0.02,3,log_V,marginal,0.10078201084454814,1.5459038601942144e-05,2.021092796777516e-06,9.92240571129759,True,ok
3777,"[21, 41, 5]",100000.0,6.2962652107424715,5.0,4543,4.0,20.0,9000.0,0.6488854708407503,0.02,3,k_io,marginal,0.0004996817839455992,1.0330073045014066e-07,3.6674191505881024e-08,2001.2736748251582,True,ok
3777,"[21, 41, 5]",100000.0,6.2962652107424715,5.0,4544,4.0,20.0,9500.0,0.6666664471289732,0.02,3,log_rho,fixed,-0.03040296735865301,2.804732357715445e-09,4.05653371351145e-06,nan,True,nonpositive scalar information (zero sensitivity or MC correction)
3777,"[21, 41, 5]",100000.0,6.2962652107424715,5.0,4544,4.0,20.0,9500.0,0.6666664471289732,0.02,3,log_V,fixed,0.09539609823352507,1.486573699624163e-05,2.146257231771621e-06,10.482609021933454,True,ok
3777,"[21, 41, 5]",100000.0,6.2962652107424715,5.0,4544,4.0,20.0,9500.0,0.6666664471289732,0.02,3,k_io,fixed,0.0004046068274897788,9.047823602972372e-08,3.6530659031086544e-08,2471.5351597107247,True,ok
3777,"[21, 41, 5]",100000.0,6.2962652107424715,5.0,4544,4.0,20.0,9500.0,0.6666664471289732,0.02,3,log_rho,marginal,-0.030402967757135295,2.804732357715445e-09,4.05653371351145e-06,nan,True,nonpositive scalar information (zero sensitivity or MC correction)
3777,"[21, 41, 5]",100000.0,6.2962652107424715,5.0,4544,4.0,20.0,9500.0,0.6666664471289732,0.02,3,log_V,marginal,0.09539398618427555,1.486573699624163e-05,2.146257231771621e-06,10.482841109797725,True,ok
3777,"[21, 41, 5]",100000.0,6.2962652107424715,5.0,4544,4.0,20.0,9500.0,0.6666664471289732,0.02,3,k_io,marginal,0.00040459397279642904,9.047823602972372e-08,3.6530659031086544e-08,2471.613684920484,True,ok
3777,"[21, 41, 5]",100000.0,6.2962652107424715,5.0,4545,4.0,20.0,10000.0,0.6839853428158483,0.02,3,log_rho,fixed,-0.028137708910220428,2.0727226961578202e-07,3.958966790978506e-06,nan,True,nonpositive scalar information (zero sensitivity or MC correction)
3777,"[21, 41, 5]",100000.0,6.2962652107424715,5.0,4545,4.0,20.0,10000.0,0.6839853428158483,0.02,3,log_V,fixed,0.08690533436910078,1.3834381347349223e-05,2.24700343146912e-06,11.506773516949385,True,ok
3777,"[21, 41, 5]",100000.0,6.2962652107424715,5.0,4545,4.0,20.0,10000.0,0.6839853428158483,0.02,3,k_io,fixed,0.000309917174877455,7.798932490310712e-08,3.666703491944645e-08,3226.6685458636234,True,ok
3777,"[21, 41, 5]",100000.0,6.2962652107424715,5.0,4545,4.0,20.0,10000.0,0.6839853428158483,0.02,3,log_rho,marginal,-0.028137734221738014,2.0727226961578202e-07,3.958966790978506e-06,nan,True,nonpositive scalar information (zero sensitivity or MC correction)
3777,"[21, 41, 5]",100000.0,6.2962652107424715,5.0,4545,4.0,20.0,10000.0,0.6839853428158483,0.02,3,log_V,marginal,0.08690364495262726,1.3834381347349223e-05,2.24700343146912e-06,11.506997209899746,True,ok
3777,"[21, 41, 5]",100000.0,6.2962652107424715,5.0,4545,4.0,20.0,10000.0,0.6839853428158483,0.02,3,k_io,marginal,0.00030990765103631297,7.798932490310712e-08,3.666703491944645e-08,3226.767705334343,True,ok
3777,"[21, 41, 5]",100000.0,6.2962652107424715,5.0,4546,4.0,20.0,10500.0,0.7008764132471995,0.02,3,log_rho,fixed,-0.02456712416277316,6.490558858269509e-07,3.924672440863372e-06,nan,True,nonpositive scalar information (zero sensitivity or MC correction)
3777,"[21, 41, 5]",100000.0,6.2962652107424715,5.0,4546,4.0,20.0,10500.0,0.7008764132471995,0.02,3,log_V,fixed,0.07635536346665064,1.2494648922281693e-05,2.313933793394939e-06,13.09665692884515,True,ok
3777,"[21, 41, 5]",100000.0,6.2962652107424715,5.0,4546,4.0,20.0,10500.0,0.7008764132471995,0.02,3,k_io,fixed,0.00021543731495551256,6.588160971892363e-08,3.715663439152195e-08,4641.721422338086,True,ok
3777,"[21, 41, 5]",100000.0,6.2962652107424715,5.0,4546,4.0,20.0,10500.0,0.7008764132471995,0.02,3,log_rho,marginal,-0.02456719287157194,6.490558858269509e-07,3.924672440863372e-06,nan,True,nonpositive scalar information (zero sensitivity or MC correction)
3777,"[21, 41, 5]",100000.0,6.2962652107424715,5.0,4546,4.0,20.0,10500.0,0.7008764132471995,0.02,3,log_V,marginal,0.07635404078806873,1.2494648922281693e-05,2.313933793394939e-06,13.096883801810034,True,ok
3777,"[21, 41, 5]",100000.0,6.2962652107424715,5.0,4546,4.0,20.0,10500.0,0.7008764132471995,0.02,3,k_io,marginal,0.0002154303407544238,6.588160971892363e-08,3.715663439152195e-08,4641.871690394499,True,ok
3777,"[21, 41, 5]",100000.0,6.2962652107424715,5.0,4547,4.0,20.0,11000.0,0.7173698795639561,0.02,3,log_rho,fixed,-0.020453949826363036,1.2072656683202935e-06,3.934458978502032e-06,nan,True,nonpositive scalar information (zero sensitivity or MC correction)
3777,"[21, 41, 5]",100000.0,6.2962652107424715,5.0,4547,4.0,20.0,11000.0,0.7173698795639561,0.02,3,log_V,fixed,0.06500477272628624,1.1010882573601768e-05,2.343579543430268e-06,15.383485828197134,True,ok
3777,"[21, 41, 5]",100000.0,6.2962652107424715,5.0,4547,4.0,20.0,11000.0,0.7173698795639561,0.02,3,k_io,fixed,0.00012277702895666356,5.448258489867443e-08,3.8112314371119285e-08,8144.846055469941,True,ok
3777,"[21, 41, 5]",100000.0,6.2962652107424715,5.0,4547,4.0,20.0,11000.0,0.7173698795639561,0.02,3,log_rho,marginal,-0.020454061328652032,1.2072656683202935e-06,3.934458978502032e-06,nan,True,nonpositive scalar information (zero sensitivity or MC correction)
3777,"[21, 41, 5]",100000.0,6.2962652107424715,5.0,4547,4.0,20.0,11000.0,0.7173698795639561,0.02,3,log_V,marginal,0.06500375576817749,1.1010882573601768e-05,2.343579543430268e-06,15.38372649676265,True,ok
3777,"[21, 41, 5]",100000.0,6.2962652107424715,5.0,4547,4.0,20.0,11000.0,0.7173698795639561,0.02,3,k_io,marginal,0.00012277199697978723,5.448258489867443e-08,3.8112314371119285e-08,8145.179883036656,True,ok
3777,"[21, 41, 5]",100000.0,6.2962652107424715,5.0,4548,4.0,20.0,11500.0,0.7334925640829296,0.02,3,log_rho,fixed,-0.016339367354377535,1.7864797364903249e-06,3.965062050407329e-06,nan,True,nonpositive scalar information (zero sensitivity or MC correction)
3777,"[21, 41, 5]",100000.0,6.2962652107424715,5.0,4548,4.0,20.0,11500.0,0.7334925640829296,0.02,3,log_V,fixed,0.053926291877394984,9.52809458800573e-06,2.337922337686398e-06,18.543830202038862,True,ok
3777,"[21, 41, 5]",100000.0,6.2962652107424715,5.0,4548,4.0,20.0,11500.0,0.7334925640829296,0.02,3,k_io,fixed,3.436826038864805e-05,4.418618113413708e-08,3.9603746415650674e-08,29096.613814364122,True,ok
3777,"[21, 41, 5]",100000.0,6.2962652107424715,5.0,4548,4.0,20.0,11500.0,0.7334925640829296,0.02,3,log_rho,marginal,-0.016339511982910282,1.7864797364903249e-06,3.965062050407329e-06,nan,True,nonpositive scalar information (zero sensitivity or MC correction)
3777,"[21, 41, 5]",100000.0,6.2962652107424715,5.0,4548,4.0,20.0,11500.0,0.7334925640829296,0.02,3,log_V,marginal,0.05392552050881353,9.52809458800573e-06,2.337922337686398e-06,18.544095459153908,True,ok
3777,"[21, 41, 5]",100000.0,6.2962652107424715,5.0,4548,4.0,20.0,11500.0,0.7334925640829296,0.02,3,k_io,marginal,3.4364683195795217e-05,4.418618113413708e-08,3.9603746415650674e-08,29099.642627357545,True,ok
3777,"[21, 41, 5]",100000.0,6.2962652107424715,5.0,4549,4.0,20.0,12000.0,0.7492684025262885,0.02,3,log_rho,fixed,-0.012456029461787607,2.3355376025897655e-06,3.9963415308281135e-06,nan,True,nonpositive scalar information (zero sensitivity or MC correction)
3777,"[21, 41, 5]",100000.0,6.2962652107424715,5.0,4549,4.0,20.0,12000.0,0.7492684025262885,0.02,3,log_V,fixed,0.04378129601757437,8.139621789457177e-06,2.3021156537805932e-06,22.840803972513452,True,ok
3777,"[21, 41, 5]",100000.0,6.2962652107424715,5.0,4549,4.0,20.0,12000.0,0.7492684025262885,0.02,3,k_io,fixed,-4.7193004768642336e-05,3.5295442577800654e-08,4.158784321361963e-08,nan,True,nonpositive scalar information (zero sensitivity or MC correction)
3777,"[21, 41, 5]",100000.0,6.2962652107424715,5.0,4549,4.0,20.0,12000.0,0.7492684025262885,0.02,3,log_rho,marginal,-0.012456195744692138,2.3355376025897655e-06,3.9963415308281135e-06,nan,True,nonpositive scalar information (zero sensitivity or MC correction)
3777,"[21, 41, 5]",100000.0,6.2962652107424715,5.0,4549,4.0,20.0,12000.0,0.7492684025262885,0.02,3,log_V,marginal,0.04378071650219794,8.139621789457177e-06,2.3021156537805932e-06,22.841106311035283,True,ok
3777,"[21, 41, 5]",100000.0,6.2962652107424715,5.0,4549,4.0,20.0,12000.0,0.7492684025262885,0.02,3,k_io,marginal,-4.7195517692734e-05,3.5295442577800654e-08,4.158784321361963e-08,nan,True,nonpositive scalar information (zero sensitivity or MC correction)
